Order_ID,Order_Date,SKU_ID,Warehouse_ID,Quantity,Lead_Time_Days,Fulfillment_Status
1,2023-10-01,SKU082,WH001,26,12,Fulfilled
2,2023-10-01,SKU029,WH002,6,10,Fulfilled
3,2023-10-01,SKU070,WH001,4,3,Delayed
4,2023-10-01,SKU012,WH002,20,1,Fulfilled
5,2023-10-01,SKU072,WH002,20,1,Fulfilled
6,2023-10-01,SKU054,WH002,12,1,Fulfilled
7,2023-10-01,SKU001,WH002,26,6,Fulfilled
8,2023-10-01,SKU020,WH002,37,11,Fulfilled
9,2023-10-01,SKU012,WH004,36,13,Fulfilled
10,2023-10-01,SKU078,WH003,43,3,Fulfilled
11,2023-10-01,SKU069,WH001,33,6,Fulfilled
12,2023-10-01,SKU071,WH003,10,5,Fulfilled
13,2023-10-02,SKU047,WH005,1,5,Delayed
14,2023-10-02,SKU085,WH002,9,1,Fulfilled
15,2023-10-02,SKU030,WH001,9,11,Fulfilled
16,2023-10-02,SKU047,WH002,15,8,Fulfilled
17,2023-10-02,SKU035,WH001,38,7,Fulfilled
18,2023-10-02,SKU094,WH002,35,1,Fulfilled
19,2023-10-02,SKU082,WH005,5,12,Fulfilled
20,2023-10-02,SKU099,WH001,44,2,Delayed
21,2023-10-03,SKU041,WH004,9,2,Fulfilled
22,2023-10-03,SKU073,WH003,12,3,Fulfilled
23,2023-10-03,SKU083,WH004,35,1,Fulfilled
24,2023-10-03,SKU096,WH005,40,6,Fulfilled
25,2023-10-03,SKU055,WH005,29,8,Fulfilled
26,2023-10-03,SKU018,WH005,11,9,Fulfilled
27,2023-10-04,SKU015,WH002,35,5,Fulfilled
28,2023-10-04,SKU055,WH005,37,5,Fulfilled
29,2023-10-04,SKU060,WH005,19,11,Fulfilled
30,2023-10-04,SKU002,WH001,14,10,Fulfilled
31,2023-10-04,SKU035,WH003,4,9,Fulfilled
32,2023-10-04,SKU059,WH001,45,10,Fulfilled
33,2023-10-04,SKU034,WH005,25,2,Fulfilled
34,2023-10-04,SKU014,WH003,40,8,Fulfilled
35,2023-10-04,SKU026,WH002,39,8,Fulfilled
36,2023-10-04,SKU100,WH005,14,3,Fulfilled
37,2023-10-04,SKU063,WH001,38,1,Fulfilled
38,2023-10-04,SKU040,WH002,23,1,Fulfilled
39,2023-10-05,SKU011,WH001,40,8,Fulfilled
40,2023-10-05,SKU098,WH005,39,3,Fulfilled
41,2023-10-05,SKU061,WH005,6,6,Fulfilled
42,2023-10-05,SKU078,WH004,3,7,Fulfilled
43,2023-10-05,SKU097,WH002,8,10,Fulfilled
44,2023-10-05,SKU086,WH003,15,13,Fulfilled
45,2023-10-05,SKU016,WH002,33,4,Fulfilled
46,2023-10-05,SKU076,WH005,30,7,Fulfilled
47,2023-10-05,SKU010,WH001,27,4,Fulfilled
48,2023-10-06,SKU043,WH001,2,10,Fulfilled
49,2023-10-06,SKU063,WH002,5,11,Fulfilled
50,2023-10-06,SKU074,WH005,10,1,Fulfilled
51,2023-10-06,SKU053,WH002,38,13,Fulfilled
52,2023-10-06,SKU046,WH004,31,4,Fulfilled
53,2023-10-06,SKU007,WH001,45,8,Fulfilled
54,2023-10-07,SKU014,WH002,8,5,Fulfilled
55,2023-10-07,SKU018,WH004,29,4,Fulfilled
56,2023-10-07,SKU010,WH004,12,13,Fulfilled
57,2023-10-07,SKU013,WH001,2,11,Fulfilled
58,2023-10-07,SKU002,WH001,31,3,Fulfilled
59,2023-10-07,SKU022,WH004,36,4,Fulfilled
60,2023-10-07,SKU052,WH001,26,11,Delayed
61,2023-10-07,SKU050,WH003,27,5,Fulfilled
62,2023-10-07,SKU037,WH004,20,11,Fulfilled
63,2023-10-07,SKU072,WH004,10,8,Fulfilled
64,2023-10-07,SKU008,WH005,38,6,Delayed
65,2023-10-08,SKU041,WH001,46,11,Fulfilled
66,2023-10-08,SKU068,WH002,12,10,Fulfilled
67,2023-10-08,SKU024,WH001,13,8,Fulfilled
68,2023-10-08,SKU031,WH004,18,9,Fulfilled
69,2023-10-08,SKU032,WH005,33,8,Fulfilled
70,2023-10-08,SKU054,WH005,43,12,Fulfilled
71,2023-10-08,SKU034,WH002,44,4,Fulfilled
72,2023-10-08,SKU034,WH004,48,4,Fulfilled
73,2023-10-08,SKU059,WH003,5,8,Fulfilled
74,2023-10-09,SKU002,WH004,9,6,Fulfilled
75,2023-10-09,SKU013,WH001,29,8,Fulfilled
76,2023-10-09,SKU017,WH003,41,6,Fulfilled
77,2023-10-09,SKU048,WH003,11,7,Fulfilled
78,2023-10-09,SKU091,WH003,1,5,Fulfilled
79,2023-10-09,SKU084,WH005,21,18,Fulfilled
80,2023-10-09,SKU039,WH001,23,9,Fulfilled
81,2023-10-09,SKU015,WH001,1,6,Fulfilled
82,2023-10-09,SKU037,WH005,40,5,Fulfilled
83,2023-10-09,SKU088,WH003,47,9,Fulfilled
84,2023-10-09,SKU007,WH001,9,10,Fulfilled
85,2023-10-09,SKU006,WH001,26,9,Fulfilled
86,2023-10-09,SKU034,WH002,35,4,Fulfilled
87,2023-10-10,SKU055,WH005,34,16,Delayed
88,2023-10-10,SKU089,WH002,43,11,Fulfilled
89,2023-10-10,SKU075,WH005,44,11,Fulfilled
90,2023-10-10,SKU040,WH003,24,9,Fulfilled
91,2023-10-10,SKU006,WH003,7,4,Fulfilled
92,2023-10-10,SKU014,WH003,6,5,Fulfilled
93,2023-10-10,SKU053,WH005,24,1,Fulfilled
94,2023-10-10,SKU031,WH002,49,13,Fulfilled
95,2023-10-11,SKU053,WH001,28,2,Fulfilled
96,2023-10-11,SKU053,WH002,21,1,Fulfilled
97,2023-10-11,SKU014,WH004,7,1,Fulfilled
98,2023-10-11,SKU029,WH002,20,9,Fulfilled
99,2023-10-11,SKU040,WH002,49,4,Fulfilled
100,2023-10-11,SKU052,WH003,22,12,Delayed
101,2023-10-11,SKU099,WH003,40,1,Fulfilled
102,2023-10-11,SKU087,WH005,7,1,Delayed
103,2023-10-11,SKU034,WH002,32,13,Fulfilled
104,2023-10-11,SKU005,WH001,30,7,Fulfilled
105,2023-10-11,SKU041,WH004,19,13,Fulfilled
106,2023-10-12,SKU050,WH005,16,8,Delayed
107,2023-10-12,SKU056,WH001,19,2,Fulfilled
108,2023-10-12,SKU088,WH002,1,3,Delayed
109,2023-10-12,SKU086,WH003,47,2,Fulfilled
110,2023-10-12,SKU016,WH003,2,6,Fulfilled
111,2023-10-12,SKU042,WH004,28,1,Fulfilled
112,2023-10-12,SKU025,WH004,30,6,Fulfilled
113,2023-10-12,SKU096,WH002,4,1,Fulfilled
114,2023-10-12,SKU071,WH001,8,13,Fulfilled
115,2023-10-12,SKU075,WH005,39,3,Fulfilled
116,2023-10-12,SKU057,WH002,32,10,Fulfilled
117,2023-10-13,SKU095,WH002,33,7,Fulfilled
118,2023-10-13,SKU085,WH005,28,2,Fulfilled
119,2023-10-13,SKU097,WH002,7,13,Fulfilled
120,2023-10-13,SKU026,WH002,8,14,Fulfilled
121,2023-10-13,SKU061,WH005,3,8,Delayed
122,2023-10-13,SKU054,WH005,23,11,Fulfilled
123,2023-10-13,SKU064,WH004,8,6,Fulfilled
124,2023-10-13,SKU001,WH001,47,5,Fulfilled
125,2023-10-14,SKU090,WH005,47,8,Fulfilled
126,2023-10-14,SKU016,WH004,34,3,Fulfilled
127,2023-10-14,SKU068,WH005,32,8,Fulfilled
128,2023-10-14,SKU057,WH005,14,8,Fulfilled
129,2023-10-14,SKU055,WH005,46,11,Fulfilled
130,2023-10-14,SKU061,WH004,16,4,Fulfilled
131,2023-10-15,SKU082,WH003,14,7,Fulfilled
132,2023-10-15,SKU081,WH002,48,2,Delayed
133,2023-10-15,SKU037,WH002,7,10,Fulfilled
134,2023-10-15,SKU070,WH001,7,1,Fulfilled
135,2023-10-15,SKU089,WH002,23,5,Delayed
136,2023-10-15,SKU053,WH003,19,13,Fulfilled
137,2023-10-15,SKU027,WH004,19,4,Fulfilled
138,2023-10-15,SKU090,WH001,29,12,Fulfilled
139,2023-10-15,SKU049,WH004,18,7,Fulfilled
140,2023-10-15,SKU097,WH004,47,5,Fulfilled
141,2023-10-15,SKU054,WH005,20,11,Fulfilled
142,2023-10-15,SKU078,WH002,42,2,Fulfilled
143,2023-10-15,SKU063,WH001,3,7,Fulfilled
144,2023-10-15,SKU052,WH002,12,4,Fulfilled
145,2023-10-15,SKU080,WH005,5,15,Fulfilled
146,2023-10-15,SKU073,WH001,30,9,Fulfilled
147,2023-10-15,SKU060,WH002,34,5,Fulfilled
148,2023-10-16,SKU028,WH004,10,8,Fulfilled
149,2023-10-16,SKU049,WH003,46,7,Fulfilled
150,2023-10-16,SKU033,WH001,32,1,Fulfilled
151,2023-10-16,SKU007,WH003,17,9,Delayed
152,2023-10-16,SKU084,WH001,40,2,Fulfilled
153,2023-10-16,SKU026,WH001,45,9,Fulfilled
154,2023-10-16,SKU061,WH001,39,9,Fulfilled
155,2023-10-16,SKU090,WH003,22,11,Fulfilled
156,2023-10-16,SKU078,WH001,46,4,Fulfilled
157,2023-10-16,SKU040,WH001,26,10,Fulfilled
158,2023-10-16,SKU074,WH004,29,13,Fulfilled
159,2023-10-16,SKU010,WH005,34,7,Fulfilled
160,2023-10-16,SKU014,WH003,37,11,Fulfilled
161,2023-10-17,SKU016,WH005,42,4,Fulfilled
162,2023-10-17,SKU055,WH003,41,6,Fulfilled
163,2023-10-17,SKU002,WH004,34,1,Fulfilled
164,2023-10-17,SKU047,WH004,37,9,Fulfilled
165,2023-10-17,SKU094,WH005,38,10,Fulfilled
166,2023-10-17,SKU069,WH004,12,7,Fulfilled
167,2023-10-17,SKU076,WH003,42,6,Fulfilled
168,2023-10-17,SKU012,WH003,21,11,Fulfilled
169,2023-10-17,SKU060,WH005,31,6,Fulfilled
170,2023-10-17,SKU004,WH004,27,8,Fulfilled
171,2023-10-17,SKU028,WH003,34,12,Fulfilled
172,2023-10-17,SKU077,WH003,45,9,Fulfilled
173,2023-10-17,SKU025,WH001,7,10,Fulfilled
174,2023-10-18,SKU072,WH002,28,10,Fulfilled
175,2023-10-18,SKU063,WH004,46,2,Delayed
176,2023-10-18,SKU029,WH004,43,1,Fulfilled
177,2023-10-18,SKU075,WH003,36,3,Fulfilled
178,2023-10-18,SKU055,WH005,26,13,Fulfilled
179,2023-10-18,SKU035,WH003,21,11,Fulfilled
180,2023-10-18,SKU025,WH003,40,11,Fulfilled
181,2023-10-18,SKU098,WH002,36,1,Fulfilled
182,2023-10-18,SKU036,WH005,39,8,Fulfilled
183,2023-10-18,SKU037,WH001,35,6,Fulfilled
184,2023-10-18,SKU047,WH002,34,7,Fulfilled
185,2023-10-18,SKU017,WH003,47,18,Delayed
186,2023-10-18,SKU038,WH002,22,5,Fulfilled
187,2023-10-18,SKU014,WH001,33,10,Fulfilled
188,2023-10-18,SKU057,WH003,36,4,Delayed
189,2023-10-19,SKU062,WH001,2,5,Fulfilled
190,2023-10-19,SKU010,WH005,9,9,Delayed
191,2023-10-19,SKU020,WH005,40,1,Delayed
192,2023-10-19,SKU032,WH001,1,9,Fulfilled
193,2023-10-19,SKU077,WH005,43,8,Fulfilled
194,2023-10-19,SKU058,WH004,42,9,Fulfilled
195,2023-10-20,SKU055,WH003,30,6,Delayed
196,2023-10-20,SKU095,WH001,34,12,Fulfilled
197,2023-10-20,SKU028,WH003,19,5,Fulfilled
198,2023-10-20,SKU023,WH005,44,11,Delayed
199,2023-10-20,SKU058,WH005,49,13,Delayed
200,2023-10-20,SKU037,WH003,17,10,Fulfilled
201,2023-10-20,SKU088,WH002,49,12,Fulfilled
202,2023-10-20,SKU081,WH005,16,8,Fulfilled
203,2023-10-20,SKU055,WH001,19,8,Fulfilled
204,2023-10-20,SKU035,WH002,31,5,Fulfilled
205,2023-10-20,SKU040,WH005,17,7,Fulfilled
206,2023-10-20,SKU037,WH004,37,6,Fulfilled
207,2023-10-20,SKU090,WH004,16,6,Fulfilled
208,2023-10-21,SKU064,WH004,41,13,Delayed
209,2023-10-21,SKU056,WH003,26,10,Delayed
210,2023-10-21,SKU030,WH005,16,7,Delayed
211,2023-10-21,SKU098,WH003,17,7,Fulfilled
212,2023-10-21,SKU023,WH004,26,5,Fulfilled
213,2023-10-21,SKU036,WH002,22,10,Fulfilled
214,2023-10-21,SKU063,WH001,7,5,Fulfilled
215,2023-10-21,SKU042,WH001,7,9,Fulfilled
216,2023-10-21,SKU089,WH004,48,8,Fulfilled
217,2023-10-21,SKU098,WH005,23,19,Delayed
218,2023-10-21,SKU033,WH003,31,4,Fulfilled
219,2023-10-22,SKU066,WH001,42,7,Fulfilled
220,2023-10-22,SKU053,WH001,17,8,Fulfilled
221,2023-10-22,SKU097,WH004,35,12,Fulfilled
222,2023-10-22,SKU027,WH003,45,2,Fulfilled
223,2023-10-22,SKU057,WH004,3,5,Fulfilled
224,2023-10-22,SKU078,WH002,43,8,Fulfilled
225,2023-10-22,SKU002,WH005,26,7,Fulfilled
226,2023-10-22,SKU015,WH004,23,12,Fulfilled
227,2023-10-22,SKU020,WH004,39,8,Fulfilled
228,2023-10-22,SKU091,WH003,49,4,Fulfilled
229,2023-10-22,SKU061,WH002,29,6,Fulfilled
230,2023-10-22,SKU025,WH005,25,13,Fulfilled
231,2023-10-22,SKU009,WH003,18,1,Fulfilled
232,2023-10-22,SKU044,WH005,16,13,Delayed
233,2023-10-23,SKU093,WH003,35,10,Fulfilled
234,2023-10-23,SKU085,WH004,34,11,Fulfilled
235,2023-10-23,SKU062,WH003,13,13,Fulfilled
236,2023-10-23,SKU049,WH004,18,3,Fulfilled
237,2023-10-23,SKU090,WH002,39,4,Fulfilled
238,2023-10-23,SKU100,WH004,29,10,Fulfilled
239,2023-10-23,SKU091,WH004,44,9,Fulfilled
240,2023-10-23,SKU084,WH002,16,8,Delayed
241,2023-10-23,SKU065,WH005,44,9,Fulfilled
242,2023-10-23,SKU057,WH001,10,9,Fulfilled
243,2023-10-23,SKU093,WH002,39,4,Fulfilled
244,2023-10-24,SKU020,WH001,3,13,Fulfilled
245,2023-10-24,SKU044,WH005,14,8,Fulfilled
246,2023-10-24,SKU043,WH005,30,2,Fulfilled
247,2023-10-24,SKU092,WH004,4,2,Delayed
248,2023-10-24,SKU009,WH002,37,9,Fulfilled
249,2023-10-24,SKU030,WH001,48,1,Delayed
250,2023-10-24,SKU082,WH001,46,9,Fulfilled
251,2023-10-24,SKU004,WH001,15,1,Delayed
252,2023-10-24,SKU046,WH003,24,4,Fulfilled
253,2023-10-24,SKU053,WH005,12,11,Fulfilled
254,2023-10-24,SKU023,WH001,37,13,Fulfilled
255,2023-10-24,SKU088,WH002,37,11,Fulfilled
256,2023-10-25,SKU030,WH004,13,2,Fulfilled
257,2023-10-25,SKU086,WH001,25,7,Fulfilled
258,2023-10-25,SKU037,WH005,4,11,Fulfilled
259,2023-10-25,SKU045,WH005,8,4,Fulfilled
260,2023-10-25,SKU089,WH003,29,6,Fulfilled
261,2023-10-25,SKU050,WH004,45,10,Fulfilled
262,2023-10-25,SKU046,WH005,43,2,Fulfilled
263,2023-10-25,SKU003,WH004,26,9,Fulfilled
264,2023-10-25,SKU088,WH001,49,10,Fulfilled
265,2023-10-25,SKU037,WH002,3,8,Fulfilled
266,2023-10-25,SKU082,WH002,6,5,Fulfilled
267,2023-10-25,SKU093,WH002,5,6,Fulfilled
268,2023-10-25,SKU083,WH001,47,7,Fulfilled
269,2023-10-25,SKU075,WH003,49,9,Delayed
270,2023-10-26,SKU038,WH003,18,1,Fulfilled
271,2023-10-26,SKU017,WH005,24,3,Fulfilled
272,2023-10-26,SKU065,WH003,32,3,Fulfilled
273,2023-10-26,SKU062,WH003,38,13,Fulfilled
274,2023-10-26,SKU015,WH004,47,9,Fulfilled
275,2023-10-26,SKU029,WH004,9,4,Fulfilled
276,2023-10-27,SKU047,WH001,41,8,Delayed
277,2023-10-27,SKU069,WH001,3,11,Fulfilled
278,2023-10-27,SKU087,WH003,28,13,Fulfilled
279,2023-10-27,SKU048,WH001,9,3,Fulfilled
280,2023-10-27,SKU080,WH005,25,2,Fulfilled
281,2023-10-27,SKU083,WH001,12,10,Fulfilled
282,2023-10-27,SKU090,WH003,9,8,Fulfilled
283,2023-10-27,SKU006,WH001,25,5,Fulfilled
284,2023-10-27,SKU013,WH002,11,11,Fulfilled
285,2023-10-27,SKU059,WH003,34,8,Fulfilled
286,2023-10-27,SKU070,WH004,15,6,Fulfilled
287,2023-10-28,SKU054,WH001,26,2,Fulfilled
288,2023-10-28,SKU036,WH001,6,5,Fulfilled
289,2023-10-28,SKU057,WH002,48,13,Delayed
290,2023-10-28,SKU088,WH003,28,5,Fulfilled
291,2023-10-28,SKU046,WH001,13,1,Fulfilled
292,2023-10-28,SKU016,WH004,40,13,Fulfilled
293,2023-10-28,SKU082,WH005,32,13,Delayed
294,2023-10-29,SKU043,WH002,40,2,Fulfilled
295,2023-10-29,SKU027,WH001,40,11,Fulfilled
296,2023-10-29,SKU076,WH002,13,13,Fulfilled
297,2023-10-29,SKU100,WH002,33,6,Fulfilled
298,2023-10-29,SKU036,WH002,24,3,Fulfilled
299,2023-10-29,SKU023,WH001,16,8,Delayed
300,2023-10-29,SKU002,WH003,28,1,Fulfilled
301,2023-10-29,SKU042,WH001,48,9,Delayed
302,2023-10-29,SKU095,WH004,13,11,Fulfilled
303,2023-10-29,SKU061,WH004,45,9,Fulfilled
304,2023-10-29,SKU014,WH004,42,4,Fulfilled
305,2023-10-29,SKU006,WH005,27,6,Fulfilled
306,2023-10-29,SKU004,WH001,7,5,Fulfilled
307,2023-10-29,SKU055,WH001,43,13,Fulfilled
308,2023-10-29,SKU010,WH001,31,7,Fulfilled
309,2023-10-30,SKU017,WH003,2,13,Fulfilled
310,2023-10-30,SKU092,WH003,46,11,Fulfilled
311,2023-10-30,SKU038,WH004,49,9,Fulfilled
312,2023-10-30,SKU090,WH001,17,8,Fulfilled
313,2023-10-30,SKU099,WH005,31,2,Fulfilled
314,2023-10-30,SKU058,WH002,24,13,Fulfilled
315,2023-10-30,SKU052,WH004,35,6,Fulfilled
316,2023-10-30,SKU041,WH003,19,7,Fulfilled
317,2023-10-30,SKU061,WH001,10,9,Delayed
318,2023-10-30,SKU056,WH001,32,2,Fulfilled
319,2023-10-30,SKU017,WH005,28,12,Fulfilled
320,2023-10-30,SKU072,WH003,15,5,Fulfilled
321,2023-10-30,SKU086,WH004,29,6,Fulfilled
322,2023-10-31,SKU037,WH005,4,11,Fulfilled
323,2023-10-31,SKU065,WH002,17,12,Fulfilled
324,2023-10-31,SKU014,WH003,22,1,Fulfilled
325,2023-10-31,SKU098,WH003,10,6,Fulfilled
326,2023-10-31,SKU072,WH005,1,6,Fulfilled
327,2023-10-31,SKU004,WH005,26,8,Fulfilled
328,2023-10-31,SKU035,WH001,18,2,Fulfilled
329,2023-10-31,SKU040,WH003,14,13,Fulfilled
330,2023-10-31,SKU019,WH005,12,4,Delayed
331,2023-10-31,SKU095,WH001,35,4,Fulfilled
332,2023-10-31,SKU049,WH004,12,7,Fulfilled
333,2023-10-31,SKU040,WH003,29,11,Fulfilled
334,2023-10-31,SKU011,WH001,33,6,Fulfilled
335,2023-10-31,SKU007,WH001,47,3,Fulfilled
336,2023-10-31,SKU063,WH005,11,10,Fulfilled
337,2023-10-31,SKU097,WH005,23,10,Fulfilled
338,2023-11-01,SKU037,WH005,4,1,Fulfilled
339,2023-11-01,SKU006,WH002,35,13,Fulfilled
340,2023-11-01,SKU001,WH002,41,7,Fulfilled
341,2023-11-01,SKU018,WH003,15,7,Fulfilled
342,2023-11-01,SKU064,WH004,29,13,Fulfilled
343,2023-11-01,SKU091,WH002,11,4,Fulfilled
344,2023-11-02,SKU046,WH001,3,1,Fulfilled
345,2023-11-02,SKU056,WH001,44,8,Delayed
346,2023-11-02,SKU041,WH005,28,13,Fulfilled
347,2023-11-02,SKU082,WH004,21,5,Fulfilled
348,2023-11-02,SKU042,WH002,20,6,Fulfilled
349,2023-11-02,SKU089,WH003,19,9,Fulfilled
350,2023-11-02,SKU032,WH004,5,3,Fulfilled
351,2023-11-03,SKU051,WH003,38,2,Fulfilled
352,2023-11-03,SKU100,WH002,35,1,Fulfilled
353,2023-11-03,SKU068,WH005,25,8,Fulfilled
354,2023-11-03,SKU045,WH002,12,2,Fulfilled
355,2023-11-03,SKU026,WH002,15,12,Fulfilled
356,2023-11-03,SKU084,WH001,16,11,Fulfilled
357,2023-11-03,SKU064,WH004,8,12,Fulfilled
358,2023-11-03,SKU058,WH005,46,9,Fulfilled
359,2023-11-04,SKU042,WH003,44,5,Delayed
360,2023-11-04,SKU057,WH003,24,12,Fulfilled
361,2023-11-04,SKU046,WH005,3,4,Fulfilled
362,2023-11-04,SKU005,WH001,46,9,Fulfilled
363,2023-11-04,SKU083,WH001,30,7,Fulfilled
364,2023-11-04,SKU060,WH005,17,12,Fulfilled
365,2023-11-04,SKU006,WH004,20,4,Fulfilled
366,2023-11-04,SKU025,WH003,9,6,Fulfilled
367,2023-11-04,SKU008,WH004,48,9,Fulfilled
368,2023-11-04,SKU044,WH001,22,6,Fulfilled
369,2023-11-04,SKU032,WH004,2,8,Fulfilled
370,2023-11-04,SKU079,WH002,8,11,Fulfilled
371,2023-11-04,SKU050,WH004,13,1,Fulfilled
372,2023-11-05,SKU007,WH003,31,6,Delayed
373,2023-11-05,SKU087,WH004,32,11,Fulfilled
374,2023-11-05,SKU085,WH005,45,9,Fulfilled
375,2023-11-05,SKU075,WH002,33,12,Fulfilled
376,2023-11-05,SKU084,WH004,38,9,Fulfilled
377,2023-11-05,SKU011,WH003,8,11,Fulfilled
378,2023-11-05,SKU043,WH002,22,3,Fulfilled
379,2023-11-05,SKU095,WH005,24,9,Fulfilled
380,2023-11-05,SKU066,WH003,17,25,Fulfilled
381,2023-11-06,SKU028,WH003,22,12,Fulfilled
382,2023-11-06,SKU029,WH002,20,1,Fulfilled
383,2023-11-06,SKU013,WH005,10,8,Fulfilled
384,2023-11-06,SKU068,WH001,32,2,Fulfilled
385,2023-11-06,SKU080,WH002,33,2,Fulfilled
386,2023-11-06,SKU024,WH005,33,1,Fulfilled
387,2023-11-06,SKU057,WH001,41,13,Fulfilled
388,2023-11-06,SKU031,WH004,30,1,Fulfilled
389,2023-11-06,SKU058,WH002,13,4,Fulfilled
390,2023-11-06,SKU061,WH002,26,6,Fulfilled
391,2023-11-06,SKU057,WH004,39,2,Fulfilled
392,2023-11-07,SKU065,WH005,15,2,Fulfilled
393,2023-11-07,SKU026,WH005,42,7,Fulfilled
394,2023-11-07,SKU083,WH004,44,1,Fulfilled
395,2023-11-07,SKU014,WH005,40,11,Fulfilled
396,2023-11-07,SKU098,WH002,3,11,Fulfilled
397,2023-11-07,SKU019,WH004,6,9,Fulfilled
398,2023-11-07,SKU058,WH003,6,9,Fulfilled
399,2023-11-07,SKU051,WH005,39,9,Fulfilled
400,2023-11-07,SKU011,WH003,12,8,Fulfilled
401,2023-11-07,SKU013,WH003,8,2,Fulfilled
402,2023-11-07,SKU037,WH004,28,4,Fulfilled
403,2023-11-07,SKU091,WH004,47,11,Delayed
404,2023-11-07,SKU011,WH001,7,11,Fulfilled
405,2023-11-07,SKU071,WH005,20,4,Fulfilled
406,2023-11-07,SKU037,WH002,6,10,Delayed
407,2023-11-07,SKU054,WH005,22,10,Fulfilled
408,2023-11-07,SKU064,WH005,3,9,Fulfilled
409,2023-11-07,SKU074,WH002,42,11,Fulfilled
410,2023-11-07,SKU001,WH005,18,6,Fulfilled
411,2023-11-07,SKU024,WH001,12,7,Fulfilled
412,2023-11-07,SKU068,WH005,12,13,Fulfilled
413,2023-11-08,SKU071,WH001,19,7,Fulfilled
414,2023-11-08,SKU082,WH004,46,4,Fulfilled
415,2023-11-08,SKU003,WH003,45,8,Fulfilled
416,2023-11-08,SKU094,WH001,29,7,Fulfilled
417,2023-11-08,SKU043,WH002,32,9,Fulfilled
418,2023-11-08,SKU083,WH002,6,2,Fulfilled
419,2023-11-08,SKU090,WH004,19,6,Fulfilled
420,2023-11-08,SKU009,WH004,37,21,Fulfilled
421,2023-11-08,SKU026,WH001,3,12,Fulfilled
422,2023-11-08,SKU051,WH005,10,3,Delayed
423,2023-11-09,SKU083,WH002,15,1,Fulfilled
424,2023-11-09,SKU007,WH003,7,12,Fulfilled
425,2023-11-09,SKU056,WH004,49,5,Fulfilled
426,2023-11-09,SKU050,WH003,31,10,Fulfilled
427,2023-11-09,SKU064,WH003,24,4,Fulfilled
428,2023-11-09,SKU011,WH004,37,4,Fulfilled
429,2023-11-09,SKU024,WH005,28,12,Fulfilled
430,2023-11-09,SKU042,WH003,20,12,Fulfilled
431,2023-11-09,SKU055,WH002,24,2,Fulfilled
432,2023-11-09,SKU006,WH003,49,3,Fulfilled
433,2023-11-09,SKU082,WH001,32,9,Fulfilled
434,2023-11-09,SKU047,WH005,36,10,Fulfilled
435,2023-11-10,SKU004,WH002,2,2,Fulfilled
436,2023-11-10,SKU057,WH001,36,6,Fulfilled
437,2023-11-10,SKU083,WH003,39,10,Fulfilled
438,2023-11-10,SKU005,WH005,12,3,Fulfilled
439,2023-11-10,SKU048,WH003,45,2,Delayed
440,2023-11-10,SKU018,WH005,40,5,Fulfilled
441,2023-11-10,SKU036,WH002,15,1,Delayed
442,2023-11-10,SKU024,WH004,35,10,Fulfilled
443,2023-11-10,SKU016,WH003,8,4,Fulfilled
444,2023-11-10,SKU028,WH005,48,7,Fulfilled
445,2023-11-10,SKU063,WH002,42,12,Fulfilled
446,2023-11-10,SKU058,WH002,14,2,Fulfilled
447,2023-11-11,SKU012,WH003,45,9,Fulfilled
448,2023-11-11,SKU071,WH005,47,8,Fulfilled
449,2023-11-11,SKU021,WH002,39,9,Fulfilled
450,2023-11-11,SKU016,WH002,20,2,Fulfilled
451,2023-11-11,SKU064,WH001,39,6,Fulfilled
452,2023-11-11,SKU060,WH005,17,11,Fulfilled
453,2023-11-11,SKU009,WH003,25,9,Fulfilled
454,2023-11-12,SKU062,WH005,5,1,Fulfilled
455,2023-11-12,SKU074,WH001,40,12,Fulfilled
456,2023-11-12,SKU010,WH004,36,13,Fulfilled
457,2023-11-12,SKU017,WH005,23,11,Fulfilled
458,2023-11-12,SKU017,WH004,10,3,Fulfilled
459,2023-11-12,SKU016,WH005,14,10,Fulfilled
460,2023-11-12,SKU042,WH002,29,10,Fulfilled
461,2023-11-12,SKU037,WH001,12,9,Fulfilled
462,2023-11-12,SKU071,WH003,1,5,Fulfilled
463,2023-11-13,SKU069,WH001,1,9,Fulfilled
464,2023-11-13,SKU075,WH002,20,12,Fulfilled
465,2023-11-13,SKU078,WH003,43,5,Fulfilled
466,2023-11-13,SKU004,WH001,47,14,Fulfilled
467,2023-11-13,SKU074,WH003,49,1,Fulfilled
468,2023-11-13,SKU054,WH005,44,8,Fulfilled
469,2023-11-13,SKU081,WH005,28,6,Fulfilled
470,2023-11-14,SKU062,WH002,14,2,Fulfilled
471,2023-11-14,SKU039,WH004,9,5,Delayed
472,2023-11-14,SKU057,WH004,20,10,Fulfilled
473,2023-11-14,SKU078,WH002,29,1,Fulfilled
474,2023-11-14,SKU094,WH003,35,6,Fulfilled
475,2023-11-14,SKU048,WH005,37,5,Fulfilled
476,2023-11-14,SKU060,WH001,5,1,Fulfilled
477,2023-11-15,SKU013,WH001,42,4,Fulfilled
478,2023-11-15,SKU079,WH004,24,11,Fulfilled
479,2023-11-15,SKU021,WH003,43,2,Fulfilled
480,2023-11-15,SKU025,WH002,25,2,Fulfilled
481,2023-11-15,SKU064,WH003,29,9,Delayed
482,2023-11-15,SKU051,WH005,39,8,Fulfilled
483,2023-11-15,SKU075,WH003,47,17,Fulfilled
484,2023-11-15,SKU077,WH004,23,12,Delayed
485,2023-11-15,SKU014,WH004,38,4,Fulfilled
486,2023-11-15,SKU047,WH004,23,13,Fulfilled
487,2023-11-16,SKU073,WH005,21,1,Fulfilled
488,2023-11-16,SKU010,WH004,8,13,Fulfilled
489,2023-11-16,SKU036,WH005,32,6,Fulfilled
490,2023-11-16,SKU013,WH004,5,6,Fulfilled
491,2023-11-16,SKU072,WH003,47,2,Fulfilled
492,2023-11-16,SKU066,WH004,1,7,Delayed
493,2023-11-16,SKU018,WH003,26,11,Fulfilled
494,2023-11-16,SKU020,WH005,10,2,Fulfilled
495,2023-11-16,SKU079,WH003,18,1,Fulfilled
496,2023-11-16,SKU095,WH003,26,8,Fulfilled
497,2023-11-16,SKU066,WH005,47,8,Fulfilled
498,2023-11-16,SKU061,WH001,49,12,Fulfilled
499,2023-11-17,SKU054,WH005,31,5,Fulfilled
500,2023-11-17,SKU089,WH001,48,5,Fulfilled
501,2023-11-17,SKU084,WH005,41,10,Fulfilled
502,2023-11-17,SKU075,WH004,28,2,Fulfilled
503,2023-11-17,SKU080,WH004,6,9,Fulfilled
504,2023-11-17,SKU005,WH005,33,9,Fulfilled
505,2023-11-17,SKU003,WH004,25,13,Fulfilled
506,2023-11-17,SKU089,WH002,9,5,Fulfilled
507,2023-11-17,SKU061,WH001,13,9,Fulfilled
508,2023-11-17,SKU072,WH003,11,4,Fulfilled
509,2023-11-17,SKU049,WH003,34,13,Fulfilled
510,2023-11-17,SKU069,WH003,38,4,Fulfilled
511,2023-11-17,SKU093,WH003,38,3,Fulfilled
512,2023-11-17,SKU032,WH003,6,2,Fulfilled
513,2023-11-17,SKU039,WH003,18,13,Fulfilled
514,2023-11-18,SKU063,WH003,11,1,Fulfilled
515,2023-11-18,SKU093,WH003,24,6,Fulfilled
516,2023-11-18,SKU070,WH004,7,9,Fulfilled
517,2023-11-18,SKU045,WH002,21,1,Fulfilled
518,2023-11-18,SKU092,WH001,12,10,Fulfilled
519,2023-11-18,SKU033,WH004,7,5,Fulfilled
520,2023-11-18,SKU035,WH005,19,12,Fulfilled
521,2023-11-18,SKU079,WH005,29,9,Delayed
522,2023-11-18,SKU068,WH002,33,1,Delayed
523,2023-11-18,SKU053,WH003,32,1,Fulfilled
524,2023-11-18,SKU099,WH002,35,22,Fulfilled
525,2023-11-18,SKU021,WH004,26,11,Fulfilled
526,2023-11-18,SKU061,WH004,35,8,Fulfilled
527,2023-11-19,SKU037,WH003,46,9,Delayed
528,2023-11-19,SKU099,WH001,3,5,Fulfilled
529,2023-11-19,SKU095,WH001,26,8,Fulfilled
530,2023-11-19,SKU023,WH001,48,2,Fulfilled
531,2023-11-19,SKU064,WH002,6,12,Fulfilled
532,2023-11-19,SKU038,WH001,29,23,Fulfilled
533,2023-11-19,SKU014,WH003,12,5,Fulfilled
534,2023-11-19,SKU070,WH005,34,5,Fulfilled
535,2023-11-19,SKU065,WH004,15,12,Fulfilled
536,2023-11-19,SKU043,WH002,36,11,Fulfilled
537,2023-11-19,SKU092,WH002,48,17,Fulfilled
538,2023-11-19,SKU038,WH005,46,2,Fulfilled
539,2023-11-20,SKU079,WH004,21,7,Fulfilled
540,2023-11-20,SKU012,WH004,43,7,Fulfilled
541,2023-11-20,SKU018,WH004,16,5,Fulfilled
542,2023-11-20,SKU034,WH004,15,9,Fulfilled
543,2023-11-20,SKU043,WH003,36,11,Fulfilled
544,2023-11-20,SKU034,WH003,15,4,Delayed
545,2023-11-20,SKU016,WH004,21,13,Fulfilled
546,2023-11-20,SKU065,WH003,22,3,Fulfilled
547,2023-11-20,SKU038,WH003,34,13,Fulfilled
548,2023-11-20,SKU018,WH004,4,5,Fulfilled
549,2023-11-20,SKU078,WH003,46,11,Fulfilled
550,2023-11-20,SKU061,WH005,29,12,Fulfilled
551,2023-11-21,SKU098,WH002,36,2,Fulfilled
552,2023-11-21,SKU011,WH005,2,1,Fulfilled
553,2023-11-21,SKU010,WH005,13,4,Fulfilled
554,2023-11-21,SKU065,WH002,26,9,Fulfilled
555,2023-11-21,SKU042,WH005,30,11,Fulfilled
556,2023-11-21,SKU092,WH005,7,12,Fulfilled
557,2023-11-21,SKU058,WH001,10,7,Fulfilled
558,2023-11-21,SKU059,WH005,13,7,Fulfilled
559,2023-11-21,SKU040,WH001,49,10,Fulfilled
560,2023-11-21,SKU096,WH002,42,8,Delayed
561,2023-11-22,SKU045,WH001,7,6,Delayed
562,2023-11-22,SKU009,WH004,1,24,Fulfilled
563,2023-11-22,SKU099,WH002,45,10,Fulfilled
564,2023-11-22,SKU083,WH004,47,11,Fulfilled
565,2023-11-22,SKU058,WH004,13,7,Fulfilled
566,2023-11-22,SKU085,WH005,22,6,Fulfilled
567,2023-11-22,SKU016,WH002,21,6,Fulfilled
568,2023-11-22,SKU017,WH002,28,9,Fulfilled
569,2023-11-22,SKU039,WH004,26,9,Fulfilled
570,2023-11-22,SKU069,WH004,15,10,Fulfilled
571,2023-11-22,SKU045,WH002,24,10,Fulfilled
572,2023-11-22,SKU093,WH001,42,20,Fulfilled
573,2023-11-22,SKU079,WH001,16,1,Delayed
574,2023-11-22,SKU077,WH001,26,11,Fulfilled
575,2023-11-22,SKU007,WH002,37,4,Fulfilled
576,2023-11-22,SKU030,WH005,24,3,Fulfilled
577,2023-11-22,SKU008,WH002,36,12,Fulfilled
578,2023-11-22,SKU094,WH005,39,10,Fulfilled
579,2023-11-23,SKU087,WH003,5,1,Fulfilled
580,2023-11-23,SKU085,WH005,35,12,Fulfilled
581,2023-11-23,SKU008,WH005,34,1,Fulfilled
582,2023-11-23,SKU023,WH004,21,1,Delayed
583,2023-11-23,SKU045,WH004,22,5,Fulfilled
584,2023-11-23,SKU054,WH004,15,3,Fulfilled
585,2023-11-24,SKU097,WH005,10,9,Fulfilled
586,2023-11-24,SKU039,WH002,14,13,Fulfilled
587,2023-11-24,SKU072,WH004,25,2,Fulfilled
588,2023-11-24,SKU018,WH004,35,7,Fulfilled
589,2023-11-24,SKU083,WH001,21,2,Fulfilled
590,2023-11-24,SKU012,WH005,3,10,Fulfilled
591,2023-11-24,SKU035,WH004,39,9,Fulfilled
592,2023-11-24,SKU010,WH002,49,11,Fulfilled
593,2023-11-24,SKU086,WH005,39,8,Fulfilled
594,2023-11-24,SKU043,WH003,46,3,Delayed
595,2023-11-24,SKU025,WH001,4,10,Fulfilled
596,2023-11-25,SKU032,WH005,37,1,Fulfilled
597,2023-11-25,SKU031,WH005,36,3,Fulfilled
598,2023-11-25,SKU060,WH005,9,8,Fulfilled
599,2023-11-25,SKU047,WH005,33,11,Fulfilled
600,2023-11-25,SKU093,WH004,6,9,Fulfilled
601,2023-11-25,SKU027,WH003,39,4,Delayed
602,2023-11-25,SKU029,WH002,13,7,Fulfilled
603,2023-11-25,SKU075,WH005,5,12,Fulfilled
604,2023-11-25,SKU026,WH003,27,5,Fulfilled
605,2023-11-25,SKU032,WH004,8,6,Fulfilled
606,2023-11-25,SKU044,WH003,8,2,Fulfilled
607,2023-11-25,SKU093,WH004,3,6,Fulfilled
608,2023-11-25,SKU046,WH002,44,13,Fulfilled
609,2023-11-26,SKU024,WH005,2,7,Fulfilled
610,2023-11-26,SKU068,WH001,44,2,Delayed
611,2023-11-26,SKU086,WH001,38,1,Fulfilled
612,2023-11-26,SKU081,WH002,35,2,Fulfilled
613,2023-11-26,SKU028,WH005,23,4,Delayed
614,2023-11-26,SKU082,WH005,8,6,Fulfilled
615,2023-11-26,SKU003,WH001,44,10,Fulfilled
616,2023-11-26,SKU003,WH005,36,5,Fulfilled
617,2023-11-26,SKU037,WH001,13,13,Fulfilled
618,2023-11-26,SKU056,WH002,31,9,Delayed
619,2023-11-27,SKU020,WH002,30,9,Fulfilled
620,2023-11-27,SKU046,WH003,16,12,Delayed
621,2023-11-27,SKU052,WH004,17,12,Fulfilled
622,2023-11-27,SKU029,WH003,8,4,Fulfilled
623,2023-11-27,SKU084,WH001,3,13,Fulfilled
624,2023-11-27,SKU071,WH004,23,12,Delayed
625,2023-11-28,SKU022,WH001,20,8,Fulfilled
626,2023-11-28,SKU043,WH005,44,1,Fulfilled
627,2023-11-28,SKU068,WH001,30,5,Fulfilled
628,2023-11-28,SKU089,WH005,20,6,Delayed
629,2023-11-28,SKU010,WH003,22,2,Fulfilled
630,2023-11-28,SKU005,WH002,8,7,Fulfilled
631,2023-11-28,SKU027,WH005,32,1,Fulfilled
632,2023-11-28,SKU051,WH001,16,12,Fulfilled
633,2023-11-28,SKU073,WH004,38,4,Fulfilled
634,2023-11-28,SKU050,WH002,34,13,Fulfilled
635,2023-11-28,SKU011,WH005,14,4,Fulfilled
636,2023-11-28,SKU013,WH004,33,7,Delayed
637,2023-11-28,SKU078,WH005,45,2,Fulfilled
638,2023-11-28,SKU100,WH003,41,11,Fulfilled
639,2023-11-28,SKU058,WH004,27,9,Fulfilled
640,2023-11-28,SKU049,WH004,9,1,Fulfilled
641,2023-11-28,SKU049,WH001,11,3,Fulfilled
642,2023-11-28,SKU032,WH001,23,10,Fulfilled
643,2023-11-28,SKU092,WH002,4,2,Fulfilled
644,2023-11-28,SKU014,WH001,6,13,Fulfilled
645,2023-11-29,SKU047,WH003,47,1,Delayed
646,2023-11-29,SKU056,WH004,42,6,Fulfilled
647,2023-11-29,SKU014,WH001,18,13,Fulfilled
648,2023-11-29,SKU077,WH005,35,8,Fulfilled
649,2023-11-29,SKU002,WH003,42,6,Fulfilled
650,2023-11-29,SKU093,WH005,3,7,Fulfilled
651,2023-11-29,SKU074,WH005,14,9,Fulfilled
652,2023-11-29,SKU018,WH003,15,5,Fulfilled
653,2023-11-29,SKU009,WH002,35,2,Fulfilled
654,2023-11-29,SKU062,WH001,27,2,Fulfilled
655,2023-11-29,SKU093,WH004,35,2,Fulfilled
656,2023-11-29,SKU014,WH002,14,4,Fulfilled
657,2023-11-29,SKU043,WH005,18,10,Fulfilled
658,2023-11-29,SKU057,WH003,25,2,Fulfilled
659,2023-11-30,SKU084,WH005,36,1,Fulfilled
660,2023-11-30,SKU089,WH002,46,6,Fulfilled
661,2023-11-30,SKU051,WH003,46,13,Fulfilled
662,2023-11-30,SKU063,WH005,3,3,Fulfilled
663,2023-11-30,SKU036,WH004,41,6,Fulfilled
664,2023-11-30,SKU026,WH005,25,13,Fulfilled
665,2023-12-01,SKU099,WH005,34,17,Fulfilled
666,2023-12-01,SKU091,WH002,15,4,Fulfilled
667,2023-12-01,SKU089,WH001,45,12,Fulfilled
668,2023-12-01,SKU053,WH004,12,12,Fulfilled
669,2023-12-01,SKU033,WH002,13,4,Fulfilled
670,2023-12-01,SKU010,WH004,18,13,Fulfilled
671,2023-12-01,SKU052,WH005,6,13,Fulfilled
672,2023-12-01,SKU089,WH004,43,2,Fulfilled
673,2023-12-01,SKU047,WH005,23,3,Fulfilled
674,2023-12-02,SKU014,WH002,34,10,Fulfilled
675,2023-12-02,SKU083,WH005,25,8,Fulfilled
676,2023-12-02,SKU087,WH004,31,8,Fulfilled
677,2023-12-02,SKU056,WH001,15,20,Fulfilled
678,2023-12-02,SKU066,WH005,19,9,Fulfilled
679,2023-12-02,SKU029,WH004,35,5,Fulfilled
680,2023-12-02,SKU087,WH005,9,12,Fulfilled
681,2023-12-02,SKU004,WH004,46,3,Fulfilled
682,2023-12-02,SKU011,WH001,7,12,Fulfilled
683,2023-12-03,SKU045,WH003,40,1,Fulfilled
684,2023-12-03,SKU067,WH004,37,7,Delayed
685,2023-12-03,SKU093,WH004,29,4,Fulfilled
686,2023-12-03,SKU091,WH001,36,22,Fulfilled
687,2023-12-03,SKU014,WH002,39,2,Fulfilled
688,2023-12-03,SKU067,WH002,37,4,Fulfilled
689,2023-12-03,SKU055,WH004,35,7,Fulfilled
690,2023-12-03,SKU024,WH002,27,12,Fulfilled
691,2023-12-03,SKU004,WH005,22,7,Fulfilled
692,2023-12-03,SKU055,WH004,37,23,Fulfilled
693,2023-12-03,SKU036,WH001,5,7,Fulfilled
694,2023-12-04,SKU069,WH002,38,5,Fulfilled
695,2023-12-04,SKU015,WH003,10,7,Fulfilled
696,2023-12-04,SKU082,WH003,39,5,Fulfilled
697,2023-12-04,SKU076,WH001,1,13,Fulfilled
698,2023-12-04,SKU080,WH002,21,10,Fulfilled
699,2023-12-04,SKU039,WH005,45,5,Fulfilled
700,2023-12-04,SKU041,WH001,18,5,Fulfilled
701,2023-12-04,SKU048,WH002,45,4,Fulfilled
702,2023-12-04,SKU018,WH005,17,3,Fulfilled
703,2023-12-05,SKU082,WH005,21,4,Fulfilled
704,2023-12-05,SKU023,WH005,26,4,Fulfilled
705,2023-12-05,SKU024,WH003,34,4,Fulfilled
706,2023-12-05,SKU046,WH001,48,12,Fulfilled
707,2023-12-05,SKU050,WH005,18,8,Fulfilled
708,2023-12-05,SKU088,WH004,35,9,Fulfilled
709,2023-12-05,SKU063,WH002,29,4,Delayed
710,2023-12-05,SKU098,WH002,29,6,Fulfilled
711,2023-12-06,SKU069,WH003,9,9,Fulfilled
712,2023-12-06,SKU096,WH004,1,2,Fulfilled
713,2023-12-06,SKU015,WH003,48,13,Fulfilled
714,2023-12-06,SKU047,WH005,33,10,Delayed
715,2023-12-06,SKU093,WH004,40,5,Fulfilled
716,2023-12-06,SKU014,WH002,28,11,Fulfilled
717,2023-12-07,SKU058,WH003,22,8,Fulfilled
718,2023-12-07,SKU057,WH001,49,1,Fulfilled
719,2023-12-07,SKU095,WH005,23,8,Fulfilled
720,2023-12-07,SKU079,WH004,45,3,Fulfilled
721,2023-12-07,SKU027,WH002,5,12,Fulfilled
722,2023-12-07,SKU069,WH003,1,7,Fulfilled
723,2023-12-07,SKU091,WH003,37,8,Fulfilled
724,2023-12-07,SKU066,WH001,13,8,Fulfilled
725,2023-12-07,SKU053,WH001,23,11,Fulfilled
726,2023-12-07,SKU017,WH002,1,13,Fulfilled
727,2023-12-08,SKU032,WH004,17,5,Fulfilled
728,2023-12-08,SKU035,WH004,20,5,Delayed
729,2023-12-08,SKU099,WH001,40,10,Fulfilled
730,2023-12-08,SKU089,WH003,31,4,Fulfilled
731,2023-12-08,SKU075,WH001,11,4,Fulfilled
732,2023-12-08,SKU012,WH004,15,3,Fulfilled
733,2023-12-08,SKU009,WH005,7,3,Fulfilled
734,2023-12-08,SKU028,WH004,28,3,Fulfilled
735,2023-12-08,SKU044,WH005,43,10,Fulfilled
736,2023-12-08,SKU063,WH003,5,5,Fulfilled
737,2023-12-08,SKU006,WH001,30,6,Fulfilled
738,2023-12-08,SKU003,WH001,32,8,Fulfilled
739,2023-12-08,SKU059,WH001,10,6,Fulfilled
740,2023-12-09,SKU089,WH002,17,8,Fulfilled
741,2023-12-09,SKU036,WH001,40,9,Fulfilled
742,2023-12-09,SKU048,WH002,9,2,Fulfilled
743,2023-12-09,SKU093,WH002,15,2,Delayed
744,2023-12-09,SKU013,WH001,3,1,Delayed
745,2023-12-10,SKU076,WH002,41,9,Fulfilled
746,2023-12-10,SKU002,WH003,25,10,Fulfilled
747,2023-12-10,SKU055,WH002,10,5,Fulfilled
748,2023-12-10,SKU012,WH001,36,12,Fulfilled
749,2023-12-10,SKU039,WH002,27,8,Fulfilled
750,2023-12-10,SKU018,WH002,2,6,Fulfilled
751,2023-12-10,SKU079,WH002,13,5,Fulfilled
752,2023-12-11,SKU081,WH002,32,12,Fulfilled
753,2023-12-11,SKU057,WH002,34,11,Fulfilled
754,2023-12-11,SKU097,WH001,10,1,Fulfilled
755,2023-12-11,SKU055,WH003,40,2,Fulfilled
756,2023-12-11,SKU083,WH001,9,9,Fulfilled
757,2023-12-11,SKU093,WH005,40,11,Fulfilled
758,2023-12-11,SKU004,WH003,14,12,Fulfilled
759,2023-12-11,SKU025,WH004,25,2,Delayed
760,2023-12-11,SKU031,WH004,22,4,Fulfilled
761,2023-12-11,SKU082,WH005,30,4,Fulfilled
762,2023-12-11,SKU002,WH003,21,12,Fulfilled
763,2023-12-11,SKU073,WH004,32,3,Fulfilled
764,2023-12-11,SKU098,WH004,46,1,Fulfilled
765,2023-12-11,SKU003,WH005,21,3,Fulfilled
766,2023-12-11,SKU006,WH001,32,7,Fulfilled
767,2023-12-12,SKU037,WH005,47,2,Fulfilled
768,2023-12-12,SKU052,WH001,21,13,Fulfilled
769,2023-12-12,SKU020,WH003,21,8,Delayed
770,2023-12-12,SKU027,WH002,46,8,Fulfilled
771,2023-12-12,SKU082,WH001,46,7,Fulfilled
772,2023-12-12,SKU031,WH001,23,12,Fulfilled
773,2023-12-12,SKU015,WH004,32,11,Delayed
774,2023-12-12,SKU086,WH002,22,6,Fulfilled
775,2023-12-12,SKU090,WH001,43,9,Fulfilled
776,2023-12-12,SKU067,WH005,22,12,Fulfilled
777,2023-12-12,SKU022,WH003,29,13,Fulfilled
778,2023-12-12,SKU035,WH001,18,2,Delayed
779,2023-12-12,SKU055,WH003,29,5,Fulfilled
780,2023-12-12,SKU074,WH001,15,4,Fulfilled
781,2023-12-13,SKU008,WH004,23,8,Fulfilled
782,2023-12-13,SKU021,WH003,44,13,Fulfilled
783,2023-12-13,SKU087,WH001,22,11,Fulfilled
784,2023-12-13,SKU006,WH001,37,13,Fulfilled
785,2023-12-13,SKU050,WH002,33,8,Fulfilled
786,2023-12-13,SKU005,WH005,3,6,Fulfilled
787,2023-12-13,SKU084,WH004,19,7,Fulfilled
788,2023-12-13,SKU093,WH003,29,7,Delayed
789,2023-12-13,SKU048,WH001,44,9,Fulfilled
790,2023-12-13,SKU023,WH002,37,8,Fulfilled
791,2023-12-13,SKU052,WH001,42,10,Fulfilled
792,2023-12-13,SKU100,WH003,16,8,Fulfilled
793,2023-12-13,SKU002,WH003,1,12,Fulfilled
794,2023-12-14,SKU039,WH005,42,2,Fulfilled
795,2023-12-14,SKU064,WH002,43,9,Fulfilled
796,2023-12-14,SKU032,WH002,10,16,Fulfilled
797,2023-12-14,SKU030,WH005,27,11,Fulfilled
798,2023-12-14,SKU002,WH003,2,22,Fulfilled
799,2023-12-15,SKU095,WH003,26,10,Fulfilled
800,2023-12-15,SKU031,WH004,12,1,Delayed
801,2023-12-15,SKU019,WH003,14,9,Fulfilled
802,2023-12-15,SKU067,WH004,34,5,Fulfilled
803,2023-12-15,SKU096,WH001,20,11,Fulfilled
804,2023-12-15,SKU082,WH004,16,3,Fulfilled
805,2023-12-15,SKU056,WH002,31,7,Fulfilled
806,2023-12-15,SKU041,WH004,6,8,Fulfilled
807,2023-12-15,SKU041,WH004,19,5,Delayed
808,2023-12-15,SKU026,WH002,4,13,Fulfilled
809,2023-12-16,SKU020,WH001,35,10,Fulfilled
810,2023-12-16,SKU053,WH001,37,6,Fulfilled
811,2023-12-16,SKU027,WH004,21,6,Fulfilled
812,2023-12-16,SKU016,WH001,40,7,Fulfilled
813,2023-12-16,SKU091,WH005,21,20,Fulfilled
814,2023-12-16,SKU042,WH002,46,4,Fulfilled
815,2023-12-16,SKU046,WH004,45,4,Fulfilled
816,2023-12-16,SKU034,WH002,17,18,Fulfilled
817,2023-12-16,SKU058,WH005,4,13,Fulfilled
818,2023-12-16,SKU060,WH001,14,3,Fulfilled
819,2023-12-16,SKU002,WH001,24,5,Fulfilled
820,2023-12-17,SKU017,WH002,4,8,Fulfilled
821,2023-12-17,SKU081,WH001,24,2,Fulfilled
822,2023-12-17,SKU010,WH001,30,2,Fulfilled
823,2023-12-17,SKU083,WH004,19,12,Delayed
824,2023-12-17,SKU043,WH001,19,8,Fulfilled
825,2023-12-17,SKU022,WH005,22,8,Fulfilled
826,2023-12-17,SKU064,WH001,45,12,Fulfilled
827,2023-12-17,SKU046,WH002,30,10,Fulfilled
828,2023-12-17,SKU058,WH002,38,13,Fulfilled
829,2023-12-17,SKU032,WH003,19,13,Fulfilled
830,2023-12-17,SKU062,WH001,36,7,Fulfilled
831,2023-12-18,SKU054,WH002,49,11,Fulfilled
832,2023-12-18,SKU032,WH005,28,11,Fulfilled
833,2023-12-18,SKU092,WH003,47,11,Fulfilled
834,2023-12-18,SKU045,WH005,45,1,Fulfilled
835,2023-12-18,SKU024,WH001,17,6,Fulfilled
836,2023-12-18,SKU100,WH003,4,4,Fulfilled
837,2023-12-18,SKU068,WH003,48,11,Fulfilled
838,2023-12-18,SKU021,WH001,15,6,Fulfilled
839,2023-12-18,SKU069,WH001,47,12,Fulfilled
840,2023-12-18,SKU074,WH004,11,7,Fulfilled
841,2023-12-18,SKU023,WH002,9,10,Fulfilled
842,2023-12-18,SKU095,WH003,16,5,Delayed
843,2023-12-19,SKU090,WH003,3,13,Fulfilled
844,2023-12-19,SKU073,WH002,43,1,Fulfilled
845,2023-12-19,SKU064,WH005,30,6,Fulfilled
846,2023-12-19,SKU012,WH001,45,6,Fulfilled
847,2023-12-19,SKU068,WH004,17,18,Fulfilled
848,2023-12-19,SKU026,WH002,19,10,Fulfilled
849,2023-12-19,SKU042,WH001,35,17,Fulfilled
850,2023-12-20,SKU019,WH001,20,1,Fulfilled
851,2023-12-20,SKU010,WH003,21,10,Fulfilled
852,2023-12-20,SKU076,WH001,5,4,Fulfilled
853,2023-12-20,SKU021,WH004,6,10,Fulfilled
854,2023-12-20,SKU084,WH003,4,7,Fulfilled
855,2023-12-20,SKU089,WH005,39,2,Fulfilled
856,2023-12-20,SKU076,WH002,35,1,Fulfilled
857,2023-12-20,SKU038,WH002,24,9,Delayed
858,2023-12-20,SKU090,WH005,36,6,Fulfilled
859,2023-12-21,SKU073,WH001,44,12,Fulfilled
860,2023-12-21,SKU079,WH002,31,4,Fulfilled
861,2023-12-21,SKU064,WH002,24,9,Delayed
862,2023-12-22,SKU045,WH003,44,10,Fulfilled
863,2023-12-22,SKU012,WH003,30,6,Fulfilled
864,2023-12-22,SKU032,WH001,28,7,Fulfilled
865,2023-12-22,SKU093,WH001,35,19,Fulfilled
866,2023-12-22,SKU054,WH002,10,6,Fulfilled
867,2023-12-22,SKU049,WH003,31,10,Fulfilled
868,2023-12-22,SKU062,WH005,25,13,Fulfilled
869,2023-12-22,SKU021,WH004,6,12,Fulfilled
870,2023-12-22,SKU038,WH001,9,13,Fulfilled
871,2023-12-22,SKU010,WH003,36,8,Fulfilled
872,2023-12-22,SKU094,WH001,43,4,Fulfilled
873,2023-12-22,SKU012,WH003,18,10,Fulfilled
874,2023-12-22,SKU062,WH001,43,9,Fulfilled
875,2023-12-22,SKU078,WH004,21,4,Fulfilled
876,2023-12-22,SKU027,WH002,33,11,Fulfilled
877,2023-12-22,SKU094,WH005,7,6,Fulfilled
878,2023-12-22,SKU031,WH001,15,14,Fulfilled
879,2023-12-23,SKU063,WH002,48,7,Delayed
880,2023-12-23,SKU012,WH003,21,10,Fulfilled
881,2023-12-23,SKU062,WH002,26,12,Fulfilled
882,2023-12-23,SKU082,WH003,14,9,Fulfilled
883,2023-12-23,SKU015,WH003,37,10,Fulfilled
884,2023-12-23,SKU085,WH003,21,2,Fulfilled
885,2023-12-23,SKU024,WH003,5,3,Fulfilled
886,2023-12-23,SKU058,WH001,23,10,Fulfilled
887,2023-12-23,SKU029,WH003,37,8,Fulfilled
888,2023-12-23,SKU090,WH001,49,3,Fulfilled
889,2023-12-24,SKU070,WH004,33,2,Fulfilled
890,2023-12-24,SKU071,WH001,4,10,Fulfilled
891,2023-12-24,SKU054,WH005,7,6,Fulfilled
892,2023-12-24,SKU074,WH002,33,1,Delayed
893,2023-12-24,SKU092,WH001,24,13,Fulfilled
894,2023-12-24,SKU074,WH005,34,12,Fulfilled
895,2023-12-24,SKU058,WH002,43,9,Fulfilled
896,2023-12-24,SKU028,WH002,39,6,Fulfilled
897,2023-12-24,SKU088,WH004,49,1,Fulfilled
898,2023-12-24,SKU019,WH005,34,6,Fulfilled
899,2023-12-24,SKU009,WH001,46,6,Fulfilled
900,2023-12-24,SKU042,WH003,34,1,Fulfilled
901,2023-12-24,SKU002,WH005,10,5,Fulfilled
902,2023-12-24,SKU015,WH004,5,2,Fulfilled
903,2023-12-24,SKU075,WH001,22,9,Fulfilled
904,2023-12-24,SKU013,WH003,2,10,Fulfilled
905,2023-12-24,SKU053,WH003,34,3,Fulfilled
906,2023-12-24,SKU078,WH004,39,18,Fulfilled
907,2023-12-24,SKU019,WH005,47,8,Fulfilled
908,2023-12-25,SKU005,WH004,35,3,Fulfilled
909,2023-12-25,SKU031,WH001,49,7,Fulfilled
910,2023-12-25,SKU048,WH001,21,4,Fulfilled
911,2023-12-25,SKU040,WH003,26,4,Fulfilled
912,2023-12-25,SKU088,WH001,46,4,Fulfilled
913,2023-12-26,SKU039,WH004,21,6,Fulfilled
914,2023-12-26,SKU094,WH004,28,11,Delayed
915,2023-12-26,SKU057,WH002,41,8,Fulfilled
916,2023-12-26,SKU063,WH005,28,10,Fulfilled
917,2023-12-26,SKU066,WH002,49,2,Fulfilled
918,2023-12-26,SKU052,WH002,25,8,Fulfilled
919,2023-12-26,SKU073,WH001,3,8,Fulfilled
920,2023-12-26,SKU026,WH001,44,1,Fulfilled
921,2023-12-26,SKU047,WH002,42,4,Fulfilled
922,2023-12-26,SKU065,WH004,35,6,Fulfilled
923,2023-12-27,SKU004,WH002,43,3,Fulfilled
924,2023-12-27,SKU023,WH004,5,3,Fulfilled
925,2023-12-27,SKU021,WH003,11,8,Fulfilled
926,2023-12-27,SKU037,WH001,12,10,Fulfilled
927,2023-12-27,SKU074,WH002,8,8,Fulfilled
928,2023-12-27,SKU087,WH002,28,9,Fulfilled
929,2023-12-27,SKU003,WH001,36,5,Fulfilled
930,2023-12-27,SKU023,WH005,21,8,Fulfilled
931,2023-12-27,SKU078,WH003,9,8,Fulfilled
932,2023-12-28,SKU036,WH004,6,12,Fulfilled
933,2023-12-28,SKU059,WH003,2,7,Fulfilled
934,2023-12-28,SKU067,WH005,16,3,Fulfilled
935,2023-12-28,SKU066,WH003,45,3,Fulfilled
936,2023-12-28,SKU037,WH003,27,2,Fulfilled
937,2023-12-28,SKU044,WH003,43,8,Fulfilled
938,2023-12-28,SKU034,WH003,38,1,Fulfilled
939,2023-12-28,SKU031,WH001,28,1,Fulfilled
940,2023-12-28,SKU077,WH004,8,5,Fulfilled
941,2023-12-28,SKU093,WH001,32,12,Fulfilled
942,2023-12-29,SKU034,WH004,30,6,Fulfilled
943,2023-12-29,SKU075,WH005,46,6,Fulfilled
944,2023-12-29,SKU092,WH002,19,9,Fulfilled
945,2023-12-29,SKU061,WH003,12,11,Fulfilled
946,2023-12-29,SKU085,WH005,46,7,Delayed
947,2023-12-29,SKU017,WH003,16,1,Fulfilled
948,2023-12-29,SKU024,WH003,45,7,Fulfilled
949,2023-12-29,SKU029,WH003,21,13,Fulfilled
950,2023-12-29,SKU048,WH003,34,4,Fulfilled
951,2023-12-29,SKU016,WH004,28,6,Fulfilled
952,2023-12-29,SKU075,WH005,31,11,Fulfilled
953,2023-12-29,SKU065,WH001,27,5,Fulfilled
954,2023-12-29,SKU039,WH004,25,3,Fulfilled
955,2023-12-30,SKU018,WH002,34,10,Fulfilled
956,2023-12-30,SKU059,WH002,5,3,Fulfilled
957,2023-12-30,SKU100,WH001,28,13,Fulfilled
958,2023-12-30,SKU023,WH003,9,4,Delayed
959,2023-12-30,SKU036,WH002,38,2,Fulfilled
960,2023-12-30,SKU098,WH002,6,3,Fulfilled
961,2023-12-30,SKU012,WH002,44,9,Fulfilled
962,2023-12-30,SKU052,WH004,11,2,Fulfilled
963,2023-12-30,SKU005,WH005,47,12,Fulfilled
964,2023-12-30,SKU002,WH003,44,9,Fulfilled
965,2023-12-31,SKU003,WH001,3,12,Fulfilled
966,2023-12-31,SKU089,WH003,28,10,Fulfilled
967,2023-12-31,SKU065,WH005,48,5,Delayed
968,2023-12-31,SKU006,WH003,28,8,Fulfilled
969,2023-12-31,SKU067,WH005,26,1,Fulfilled
970,2023-12-31,SKU088,WH002,21,3,Fulfilled
971,2023-12-31,SKU046,WH002,34,9,Fulfilled
972,2023-12-31,SKU052,WH001,47,2,Fulfilled
973,2023-12-31,SKU017,WH002,11,9,Fulfilled
974,2024-01-01,SKU022,WH001,17,5,Fulfilled
975,2024-01-01,SKU005,WH004,44,11,Fulfilled
976,2024-01-01,SKU069,WH005,30,18,Fulfilled
977,2024-01-01,SKU085,WH001,33,4,Delayed
978,2024-01-01,SKU089,WH001,16,2,Fulfilled
979,2024-01-01,SKU071,WH003,2,3,Fulfilled
980,2024-01-01,SKU089,WH001,40,8,Fulfilled
981,2024-01-01,SKU085,WH005,28,7,Fulfilled
982,2024-01-01,SKU018,WH004,6,9,Fulfilled
983,2024-01-02,SKU093,WH005,3,4,Fulfilled
984,2024-01-02,SKU014,WH004,25,6,Fulfilled
985,2024-01-02,SKU034,WH005,15,5,Fulfilled
986,2024-01-02,SKU053,WH003,35,9,Fulfilled
987,2024-01-03,SKU027,WH004,14,4,Delayed
988,2024-01-03,SKU086,WH001,12,1,Fulfilled
989,2024-01-03,SKU086,WH004,39,9,Delayed
990,2024-01-03,SKU066,WH001,35,12,Fulfilled
991,2024-01-03,SKU033,WH002,13,2,Fulfilled
992,2024-01-03,SKU034,WH004,33,6,Fulfilled
993,2024-01-03,SKU006,WH003,27,7,Fulfilled
994,2024-01-03,SKU055,WH001,27,2,Fulfilled
995,2024-01-04,SKU006,WH001,36,5,Fulfilled
996,2024-01-04,SKU022,WH003,8,3,Fulfilled
997,2024-01-04,SKU080,WH003,19,11,Delayed
998,2024-01-04,SKU044,WH002,20,1,Fulfilled
999,2024-01-04,SKU059,WH003,25,8,Fulfilled
1000,2024-01-04,SKU062,WH004,24,10,Fulfilled
1001,2024-01-04,SKU015,WH002,38,7,Delayed
1002,2024-01-04,SKU021,WH001,22,9,Fulfilled
1003,2024-01-04,SKU073,WH004,19,3,Fulfilled
1004,2024-01-05,SKU046,WH005,28,15,Fulfilled
1005,2024-01-05,SKU094,WH002,14,9,Fulfilled
1006,2024-01-05,SKU053,WH004,19,16,Fulfilled
1007,2024-01-05,SKU041,WH001,38,5,Fulfilled
1008,2024-01-05,SKU099,WH005,36,8,Fulfilled
1009,2024-01-05,SKU086,WH003,17,9,Fulfilled
1010,2024-01-05,SKU080,WH001,33,8,Fulfilled
1011,2024-01-05,SKU062,WH003,25,11,Fulfilled
1012,2024-01-05,SKU020,WH005,35,9,Fulfilled
1013,2024-01-05,SKU002,WH002,14,9,Fulfilled
1014,2024-01-05,SKU064,WH002,4,11,Fulfilled
1015,2024-01-05,SKU031,WH003,4,12,Delayed
1016,2024-01-05,SKU029,WH005,8,2,Fulfilled
1017,2024-01-06,SKU031,WH001,41,8,Fulfilled
1018,2024-01-06,SKU058,WH001,16,13,Fulfilled
1019,2024-01-06,SKU016,WH004,49,12,Delayed
1020,2024-01-06,SKU052,WH004,35,17,Fulfilled
1021,2024-01-06,SKU012,WH005,21,5,Fulfilled
1022,2024-01-06,SKU066,WH005,5,4,Fulfilled
1023,2024-01-06,SKU044,WH003,37,3,Fulfilled
1024,2024-01-06,SKU059,WH003,44,1,Fulfilled
1025,2024-01-06,SKU061,WH003,9,13,Fulfilled
1026,2024-01-06,SKU098,WH002,9,11,Fulfilled
1027,2024-01-06,SKU082,WH003,17,2,Fulfilled
1028,2024-01-06,SKU014,WH001,24,1,Fulfilled
1029,2024-01-07,SKU092,WH004,46,9,Fulfilled
1030,2024-01-07,SKU025,WH001,19,10,Fulfilled
1031,2024-01-07,SKU059,WH002,29,6,Fulfilled
1032,2024-01-07,SKU054,WH001,40,5,Fulfilled
1033,2024-01-07,SKU076,WH001,38,4,Fulfilled
1034,2024-01-08,SKU085,WH005,7,12,Fulfilled
1035,2024-01-08,SKU064,WH001,28,4,Delayed
1036,2024-01-08,SKU056,WH005,22,12,Fulfilled
1037,2024-01-08,SKU023,WH005,45,3,Fulfilled
1038,2024-01-08,SKU014,WH004,22,12,Fulfilled
1039,2024-01-08,SKU042,WH005,2,8,Fulfilled
1040,2024-01-08,SKU078,WH002,34,11,Fulfilled
1041,2024-01-08,SKU038,WH004,41,1,Fulfilled
1042,2024-01-08,SKU078,WH005,8,7,Fulfilled
1043,2024-01-08,SKU041,WH005,38,6,Fulfilled
1044,2024-01-08,SKU080,WH003,22,9,Fulfilled
1045,2024-01-08,SKU017,WH002,18,1,Fulfilled
1046,2024-01-08,SKU042,WH001,12,6,Fulfilled
1047,2024-01-09,SKU075,WH005,42,1,Fulfilled
1048,2024-01-09,SKU087,WH005,29,13,Fulfilled
1049,2024-01-09,SKU002,WH005,49,3,Fulfilled
1050,2024-01-10,SKU007,WH001,45,4,Fulfilled
1051,2024-01-10,SKU021,WH003,49,13,Fulfilled
1052,2024-01-10,SKU008,WH003,38,1,Fulfilled
1053,2024-01-10,SKU046,WH004,46,1,Fulfilled
1054,2024-01-10,SKU095,WH005,8,11,Fulfilled
1055,2024-01-10,SKU072,WH004,20,12,Fulfilled
1056,2024-01-10,SKU090,WH003,33,10,Delayed
1057,2024-01-11,SKU049,WH004,42,11,Fulfilled
1058,2024-01-11,SKU088,WH003,41,9,Delayed
1059,2024-01-11,SKU096,WH003,24,5,Fulfilled
1060,2024-01-11,SKU057,WH002,49,9,Fulfilled
1061,2024-01-11,SKU083,WH003,17,8,Fulfilled
1062,2024-01-11,SKU078,WH002,21,3,Fulfilled
1063,2024-01-11,SKU038,WH004,39,7,Fulfilled
1064,2024-01-11,SKU024,WH002,41,7,Fulfilled
1065,2024-01-11,SKU006,WH004,13,11,Fulfilled
1066,2024-01-11,SKU021,WH005,46,3,Delayed
1067,2024-01-12,SKU060,WH002,19,24,Fulfilled
1068,2024-01-12,SKU077,WH001,8,13,Fulfilled
1069,2024-01-12,SKU085,WH003,45,12,Fulfilled
1070,2024-01-12,SKU046,WH001,48,1,Fulfilled
1071,2024-01-12,SKU029,WH002,45,10,Fulfilled
1072,2024-01-12,SKU021,WH004,39,12,Fulfilled
1073,2024-01-13,SKU045,WH002,27,7,Fulfilled
1074,2024-01-13,SKU043,WH003,30,13,Fulfilled
1075,2024-01-13,SKU080,WH005,47,7,Fulfilled
1076,2024-01-13,SKU097,WH001,49,4,Fulfilled
1077,2024-01-13,SKU031,WH005,18,2,Fulfilled
1078,2024-01-13,SKU006,WH003,2,4,Fulfilled
1079,2024-01-13,SKU015,WH004,30,1,Fulfilled
1080,2024-01-13,SKU004,WH005,36,2,Fulfilled
1081,2024-01-13,SKU066,WH004,37,3,Fulfilled
1082,2024-01-13,SKU084,WH002,47,12,Delayed
1083,2024-01-13,SKU013,WH002,40,4,Fulfilled
1084,2024-01-13,SKU069,WH001,49,1,Fulfilled
1085,2024-01-13,SKU081,WH002,12,10,Fulfilled
1086,2024-01-14,SKU014,WH002,2,13,Fulfilled
1087,2024-01-14,SKU095,WH004,41,10,Fulfilled
1088,2024-01-14,SKU096,WH002,2,17,Fulfilled
1089,2024-01-14,SKU005,WH001,14,2,Fulfilled
1090,2024-01-14,SKU033,WH005,9,9,Fulfilled
1091,2024-01-14,SKU034,WH004,39,12,Fulfilled
1092,2024-01-14,SKU056,WH003,3,14,Fulfilled
1093,2024-01-14,SKU069,WH001,27,5,Fulfilled
1094,2024-01-15,SKU097,WH005,16,14,Fulfilled
1095,2024-01-15,SKU046,WH005,17,9,Fulfilled
1096,2024-01-15,SKU039,WH005,12,3,Fulfilled
1097,2024-01-15,SKU057,WH004,43,1,Fulfilled
1098,2024-01-15,SKU061,WH002,45,10,Fulfilled
1099,2024-01-15,SKU051,WH005,37,5,Fulfilled
1100,2024-01-15,SKU039,WH003,49,9,Delayed
1101,2024-01-15,SKU072,WH002,23,8,Delayed
1102,2024-01-15,SKU077,WH004,38,12,Fulfilled
1103,2024-01-15,SKU040,WH002,21,6,Fulfilled
1104,2024-01-15,SKU045,WH002,43,2,Fulfilled
1105,2024-01-15,SKU066,WH002,36,3,Fulfilled
1106,2024-01-15,SKU033,WH002,45,7,Fulfilled
1107,2024-01-15,SKU073,WH001,9,5,Fulfilled
1108,2024-01-15,SKU071,WH004,38,10,Delayed
1109,2024-01-16,SKU086,WH001,32,3,Fulfilled
1110,2024-01-16,SKU075,WH004,3,12,Fulfilled
1111,2024-01-16,SKU086,WH002,44,9,Fulfilled
1112,2024-01-16,SKU025,WH003,23,8,Fulfilled
1113,2024-01-16,SKU085,WH003,11,10,Fulfilled
1114,2024-01-16,SKU073,WH003,36,12,Fulfilled
1115,2024-01-16,SKU022,WH001,33,8,Fulfilled
1116,2024-01-16,SKU092,WH004,39,2,Fulfilled
1117,2024-01-16,SKU087,WH003,28,5,Fulfilled
1118,2024-01-16,SKU046,WH003,7,4,Fulfilled
1119,2024-01-16,SKU083,WH005,37,8,Fulfilled
1120,2024-01-17,SKU018,WH005,18,12,Fulfilled
1121,2024-01-17,SKU081,WH001,35,11,Fulfilled
1122,2024-01-17,SKU065,WH001,47,11,Fulfilled
1123,2024-01-17,SKU099,WH005,11,1,Delayed
1124,2024-01-17,SKU034,WH005,49,6,Fulfilled
1125,2024-01-17,SKU084,WH002,5,8,Fulfilled
1126,2024-01-17,SKU099,WH005,34,4,Fulfilled
1127,2024-01-17,SKU060,WH005,12,6,Fulfilled
1128,2024-01-18,SKU065,WH001,45,2,Fulfilled
1129,2024-01-18,SKU079,WH002,5,8,Fulfilled
1130,2024-01-18,SKU021,WH002,24,11,Fulfilled
1131,2024-01-18,SKU019,WH004,3,11,Delayed
1132,2024-01-18,SKU098,WH004,45,4,Fulfilled
1133,2024-01-18,SKU030,WH001,26,11,Fulfilled
1134,2024-01-18,SKU047,WH004,46,6,Fulfilled
1135,2024-01-18,SKU006,WH001,43,11,Fulfilled
1136,2024-01-18,SKU091,WH005,42,3,Fulfilled
1137,2024-01-19,SKU095,WH003,37,10,Fulfilled
1138,2024-01-19,SKU049,WH004,37,10,Fulfilled
1139,2024-01-19,SKU010,WH005,37,3,Fulfilled
1140,2024-01-19,SKU029,WH005,23,6,Fulfilled
1141,2024-01-19,SKU045,WH004,4,2,Fulfilled
1142,2024-01-19,SKU001,WH005,9,1,Fulfilled
1143,2024-01-19,SKU030,WH001,29,13,Fulfilled
1144,2024-01-19,SKU020,WH002,47,4,Fulfilled
1145,2024-01-19,SKU016,WH002,17,13,Fulfilled
1146,2024-01-19,SKU015,WH004,32,6,Fulfilled
1147,2024-01-20,SKU076,WH002,49,13,Fulfilled
1148,2024-01-20,SKU032,WH001,34,13,Fulfilled
1149,2024-01-20,SKU018,WH005,22,16,Fulfilled
1150,2024-01-20,SKU008,WH002,3,10,Fulfilled
1151,2024-01-20,SKU052,WH005,34,13,Fulfilled
1152,2024-01-20,SKU093,WH003,49,5,Fulfilled
1153,2024-01-20,SKU078,WH004,46,12,Fulfilled
1154,2024-01-20,SKU053,WH005,21,12,Fulfilled
1155,2024-01-20,SKU099,WH002,11,7,Fulfilled
1156,2024-01-20,SKU022,WH003,4,3,Fulfilled
1157,2024-01-21,SKU009,WH002,35,13,Fulfilled
1158,2024-01-21,SKU003,WH002,47,2,Fulfilled
1159,2024-01-21,SKU088,WH004,11,4,Fulfilled
1160,2024-01-21,SKU023,WH004,17,3,Fulfilled
1161,2024-01-21,SKU069,WH005,18,8,Delayed
1162,2024-01-21,SKU085,WH002,22,9,Fulfilled
1163,2024-01-22,SKU001,WH004,39,5,Fulfilled
1164,2024-01-22,SKU006,WH005,8,12,Fulfilled
1165,2024-01-22,SKU062,WH004,5,1,Fulfilled
1166,2024-01-22,SKU098,WH005,37,4,Fulfilled
1167,2024-01-22,SKU062,WH002,19,11,Delayed
1168,2024-01-22,SKU077,WH005,34,11,Fulfilled
1169,2024-01-22,SKU091,WH001,45,12,Fulfilled
1170,2024-01-22,SKU001,WH004,21,6,Fulfilled
1171,2024-01-22,SKU041,WH004,11,7,Fulfilled
1172,2024-01-22,SKU084,WH005,28,5,Fulfilled
1173,2024-01-22,SKU055,WH005,17,8,Fulfilled
1174,2024-01-22,SKU088,WH004,20,9,Fulfilled
1175,2024-01-22,SKU072,WH004,46,10,Fulfilled
1176,2024-01-23,SKU062,WH003,19,10,Fulfilled
1177,2024-01-23,SKU100,WH004,48,12,Fulfilled
1178,2024-01-23,SKU085,WH001,44,4,Fulfilled
1179,2024-01-23,SKU090,WH002,32,6,Fulfilled
1180,2024-01-23,SKU044,WH005,36,6,Fulfilled
1181,2024-01-23,SKU007,WH002,11,1,Fulfilled
1182,2024-01-23,SKU012,WH002,24,7,Fulfilled
1183,2024-01-23,SKU012,WH001,15,11,Fulfilled
1184,2024-01-23,SKU078,WH001,11,9,Fulfilled
1185,2024-01-23,SKU052,WH005,17,3,Fulfilled
1186,2024-01-23,SKU077,WH001,14,11,Fulfilled
1187,2024-01-23,SKU082,WH004,18,12,Fulfilled
1188,2024-01-23,SKU085,WH005,47,4,Delayed
1189,2024-01-23,SKU077,WH005,7,13,Fulfilled
1190,2024-01-23,SKU022,WH001,35,9,Fulfilled
1191,2024-01-23,SKU021,WH001,8,4,Fulfilled
1192,2024-01-24,SKU046,WH004,38,3,Fulfilled
1193,2024-01-24,SKU002,WH001,5,13,Fulfilled
1194,2024-01-24,SKU093,WH005,47,13,Fulfilled
1195,2024-01-24,SKU036,WH002,31,7,Fulfilled
1196,2024-01-24,SKU052,WH005,16,12,Fulfilled
1197,2024-01-24,SKU065,WH001,29,6,Fulfilled
1198,2024-01-24,SKU044,WH001,43,3,Fulfilled
1199,2024-01-24,SKU069,WH005,10,10,Fulfilled
1200,2024-01-25,SKU049,WH005,12,2,Fulfilled
1201,2024-01-25,SKU044,WH004,41,8,Fulfilled
1202,2024-01-25,SKU004,WH004,35,8,Delayed
1203,2024-01-25,SKU082,WH002,30,9,Fulfilled
1204,2024-01-25,SKU041,WH004,30,3,Fulfilled
1205,2024-01-25,SKU002,WH003,19,2,Delayed
1206,2024-01-25,SKU087,WH003,8,10,Fulfilled
1207,2024-01-25,SKU061,WH003,49,8,Fulfilled
1208,2024-01-25,SKU035,WH002,7,7,Fulfilled
1209,2024-01-25,SKU025,WH004,3,1,Fulfilled
1210,2024-01-25,SKU031,WH003,36,9,Fulfilled
1211,2024-01-26,SKU032,WH005,13,8,Fulfilled
1212,2024-01-26,SKU016,WH001,8,5,Fulfilled
1213,2024-01-26,SKU079,WH001,9,1,Fulfilled
1214,2024-01-26,SKU006,WH004,36,3,Fulfilled
1215,2024-01-26,SKU074,WH003,2,8,Fulfilled
1216,2024-01-26,SKU066,WH003,23,9,Fulfilled
1217,2024-01-26,SKU017,WH001,34,4,Fulfilled
1218,2024-01-26,SKU070,WH001,30,6,Fulfilled
1219,2024-01-26,SKU088,WH002,11,3,Fulfilled
1220,2024-01-26,SKU067,WH004,8,3,Delayed
1221,2024-01-26,SKU087,WH002,14,12,Fulfilled
1222,2024-01-27,SKU047,WH005,45,13,Fulfilled
1223,2024-01-27,SKU034,WH002,19,11,Fulfilled
1224,2024-01-27,SKU044,WH003,38,2,Fulfilled
1225,2024-01-27,SKU054,WH003,40,1,Fulfilled
1226,2024-01-27,SKU058,WH002,34,10,Fulfilled
1227,2024-01-27,SKU088,WH002,16,6,Fulfilled
1228,2024-01-27,SKU031,WH005,2,2,Fulfilled
1229,2024-01-27,SKU019,WH002,26,13,Delayed
1230,2024-01-27,SKU054,WH004,47,12,Fulfilled
1231,2024-01-27,SKU081,WH005,34,7,Fulfilled
1232,2024-01-27,SKU063,WH003,3,8,Fulfilled
1233,2024-01-28,SKU007,WH004,27,6,Fulfilled
1234,2024-01-28,SKU028,WH003,29,7,Fulfilled
1235,2024-01-28,SKU058,WH003,39,1,Fulfilled
1236,2024-01-28,SKU072,WH003,17,9,Fulfilled
1237,2024-01-28,SKU045,WH005,30,5,Fulfilled
1238,2024-01-28,SKU084,WH005,13,5,Fulfilled
1239,2024-01-28,SKU046,WH003,19,5,Fulfilled
1240,2024-01-28,SKU095,WH004,19,9,Fulfilled
1241,2024-01-29,SKU037,WH004,23,10,Fulfilled
1242,2024-01-29,SKU022,WH003,10,4,Fulfilled
1243,2024-01-29,SKU052,WH001,8,6,Fulfilled
1244,2024-01-29,SKU041,WH003,20,2,Fulfilled
1245,2024-01-29,SKU078,WH004,14,2,Fulfilled
1246,2024-01-29,SKU047,WH005,28,4,Fulfilled
1247,2024-01-29,SKU022,WH002,24,6,Fulfilled
1248,2024-01-29,SKU031,WH003,30,4,Fulfilled
1249,2024-01-29,SKU011,WH002,13,11,Fulfilled
1250,2024-01-29,SKU009,WH004,23,8,Delayed
1251,2024-01-29,SKU051,WH005,18,12,Delayed
1252,2024-01-29,SKU034,WH005,31,2,Fulfilled
1253,2024-01-29,SKU050,WH003,18,8,Fulfilled
1254,2024-01-30,SKU057,WH002,12,1,Fulfilled
1255,2024-01-30,SKU004,WH001,15,9,Fulfilled
1256,2024-01-30,SKU042,WH004,31,1,Fulfilled
1257,2024-01-30,SKU035,WH005,29,10,Fulfilled
1258,2024-01-30,SKU090,WH005,18,6,Fulfilled
1259,2024-01-30,SKU081,WH005,38,1,Fulfilled
1260,2024-01-30,SKU069,WH003,23,8,Fulfilled
1261,2024-01-30,SKU030,WH001,8,9,Fulfilled
1262,2024-01-30,SKU034,WH002,6,5,Delayed
1263,2024-01-30,SKU098,WH002,44,9,Fulfilled
1264,2024-01-30,SKU002,WH004,29,12,Fulfilled
1265,2024-01-31,SKU002,WH004,19,9,Fulfilled
1266,2024-01-31,SKU001,WH005,27,2,Fulfilled
1267,2024-01-31,SKU072,WH004,44,4,Fulfilled
1268,2024-01-31,SKU095,WH004,36,2,Fulfilled
1269,2024-01-31,SKU011,WH004,15,3,Fulfilled
1270,2024-02-01,SKU079,WH003,48,8,Fulfilled
1271,2024-02-01,SKU035,WH004,12,3,Delayed
1272,2024-02-01,SKU018,WH003,37,1,Fulfilled
1273,2024-02-01,SKU058,WH003,23,10,Fulfilled
1274,2024-02-01,SKU042,WH001,29,1,Fulfilled
1275,2024-02-01,SKU003,WH002,27,9,Fulfilled
1276,2024-02-01,SKU017,WH004,10,7,Fulfilled
1277,2024-02-01,SKU020,WH001,21,5,Fulfilled
1278,2024-02-01,SKU040,WH004,43,13,Fulfilled
1279,2024-02-02,SKU005,WH003,11,1,Fulfilled
1280,2024-02-02,SKU019,WH001,4,9,Fulfilled
1281,2024-02-02,SKU070,WH004,30,9,Fulfilled
1282,2024-02-02,SKU033,WH004,21,4,Fulfilled
1283,2024-02-02,SKU099,WH002,19,3,Fulfilled
1284,2024-02-02,SKU032,WH001,12,5,Fulfilled
1285,2024-02-02,SKU013,WH005,42,1,Fulfilled
1286,2024-02-03,SKU050,WH003,28,9,Fulfilled
1287,2024-02-03,SKU094,WH001,35,2,Fulfilled
1288,2024-02-03,SKU016,WH003,14,3,Fulfilled
1289,2024-02-03,SKU047,WH001,44,9,Fulfilled
1290,2024-02-03,SKU015,WH002,7,9,Fulfilled
1291,2024-02-03,SKU022,WH003,13,2,Fulfilled
1292,2024-02-03,SKU032,WH001,37,13,Fulfilled
1293,2024-02-03,SKU089,WH004,36,2,Fulfilled
1294,2024-02-03,SKU099,WH001,16,9,Fulfilled
1295,2024-02-04,SKU088,WH005,22,1,Fulfilled
1296,2024-02-04,SKU098,WH001,36,13,Fulfilled
1297,2024-02-04,SKU090,WH005,23,13,Fulfilled
1298,2024-02-04,SKU030,WH003,45,2,Fulfilled
1299,2024-02-04,SKU097,WH003,9,8,Fulfilled
1300,2024-02-04,SKU025,WH001,8,7,Fulfilled
1301,2024-02-04,SKU018,WH003,36,2,Fulfilled
1302,2024-02-04,SKU057,WH005,3,12,Fulfilled
1303,2024-02-04,SKU025,WH005,6,12,Fulfilled
1304,2024-02-04,SKU094,WH004,44,5,Fulfilled
1305,2024-02-04,SKU071,WH002,28,8,Fulfilled
1306,2024-02-05,SKU038,WH003,21,12,Fulfilled
1307,2024-02-05,SKU100,WH005,43,3,Fulfilled
1308,2024-02-05,SKU003,WH005,13,9,Fulfilled
1309,2024-02-05,SKU031,WH003,49,6,Fulfilled
1310,2024-02-05,SKU069,WH004,10,5,Fulfilled
1311,2024-02-05,SKU099,WH005,44,5,Fulfilled
1312,2024-02-05,SKU053,WH003,10,13,Fulfilled
1313,2024-02-05,SKU009,WH001,37,6,Fulfilled
1314,2024-02-05,SKU005,WH002,24,2,Fulfilled
1315,2024-02-05,SKU005,WH005,22,1,Fulfilled
1316,2024-02-06,SKU063,WH005,25,3,Fulfilled
1317,2024-02-06,SKU007,WH003,47,6,Fulfilled
1318,2024-02-06,SKU002,WH002,17,12,Fulfilled
1319,2024-02-06,SKU011,WH004,24,13,Delayed
1320,2024-02-06,SKU072,WH004,43,9,Fulfilled
1321,2024-02-06,SKU008,WH005,36,10,Delayed
1322,2024-02-07,SKU010,WH003,20,7,Fulfilled
1323,2024-02-07,SKU067,WH001,28,1,Fulfilled
1324,2024-02-07,SKU050,WH002,40,12,Fulfilled
1325,2024-02-07,SKU073,WH002,12,11,Fulfilled
1326,2024-02-07,SKU096,WH001,42,11,Fulfilled
1327,2024-02-07,SKU087,WH004,47,9,Fulfilled
1328,2024-02-07,SKU014,WH002,34,5,Fulfilled
1329,2024-02-07,SKU065,WH003,6,7,Fulfilled
1330,2024-02-07,SKU077,WH004,32,5,Fulfilled
1331,2024-02-07,SKU071,WH003,25,1,Fulfilled
1332,2024-02-08,SKU082,WH004,12,11,Fulfilled
1333,2024-02-08,SKU031,WH005,36,13,Fulfilled
1334,2024-02-08,SKU071,WH003,7,4,Fulfilled
1335,2024-02-08,SKU051,WH001,47,3,Fulfilled
1336,2024-02-08,SKU077,WH001,9,11,Fulfilled
1337,2024-02-08,SKU039,WH001,8,1,Fulfilled
1338,2024-02-08,SKU041,WH001,23,9,Fulfilled
1339,2024-02-08,SKU036,WH005,8,13,Fulfilled
1340,2024-02-08,SKU074,WH002,22,11,Fulfilled
1341,2024-02-08,SKU020,WH002,4,8,Fulfilled
1342,2024-02-08,SKU032,WH002,3,13,Fulfilled
1343,2024-02-08,SKU074,WH004,41,13,Fulfilled
1344,2024-02-09,SKU010,WH003,15,12,Fulfilled
1345,2024-02-09,SKU089,WH005,23,12,Delayed
1346,2024-02-09,SKU083,WH003,26,18,Fulfilled
1347,2024-02-09,SKU049,WH001,40,9,Fulfilled
1348,2024-02-09,SKU043,WH003,5,8,Fulfilled
1349,2024-02-09,SKU016,WH002,32,4,Fulfilled
1350,2024-02-09,SKU002,WH004,11,12,Fulfilled
1351,2024-02-10,SKU041,WH005,26,12,Fulfilled
1352,2024-02-10,SKU090,WH002,7,10,Fulfilled
1353,2024-02-10,SKU051,WH004,26,9,Fulfilled
1354,2024-02-10,SKU012,WH002,10,11,Fulfilled
1355,2024-02-10,SKU019,WH002,45,3,Fulfilled
1356,2024-02-10,SKU096,WH001,11,13,Fulfilled
1357,2024-02-10,SKU052,WH005,8,8,Fulfilled
1358,2024-02-10,SKU098,WH002,4,12,Fulfilled
1359,2024-02-10,SKU051,WH005,11,11,Fulfilled
1360,2024-02-10,SKU095,WH005,1,1,Delayed
1361,2024-02-10,SKU100,WH004,47,4,Fulfilled
1362,2024-02-10,SKU012,WH001,38,8,Fulfilled
1363,2024-02-10,SKU045,WH002,47,9,Fulfilled
1364,2024-02-11,SKU004,WH003,5,4,Fulfilled
1365,2024-02-11,SKU057,WH005,41,11,Delayed
1366,2024-02-11,SKU030,WH002,33,2,Fulfilled
1367,2024-02-11,SKU094,WH001,38,11,Delayed
1368,2024-02-11,SKU080,WH002,34,13,Fulfilled
1369,2024-02-11,SKU002,WH003,21,5,Fulfilled
1370,2024-02-11,SKU058,WH004,6,16,Fulfilled
1371,2024-02-11,SKU069,WH002,18,10,Fulfilled
1372,2024-02-11,SKU034,WH005,46,13,Fulfilled
1373,2024-02-11,SKU019,WH001,31,3,Fulfilled
1374,2024-02-11,SKU068,WH001,30,6,Delayed
1375,2024-02-11,SKU026,WH005,29,8,Fulfilled
1376,2024-02-12,SKU002,WH001,33,1,Fulfilled
1377,2024-02-12,SKU085,WH003,48,11,Delayed
1378,2024-02-12,SKU084,WH004,13,2,Fulfilled
1379,2024-02-12,SKU091,WH001,11,12,Fulfilled
1380,2024-02-12,SKU077,WH005,44,6,Fulfilled
1381,2024-02-12,SKU059,WH005,41,4,Delayed
1382,2024-02-12,SKU032,WH005,35,12,Fulfilled
1383,2024-02-13,SKU096,WH002,19,18,Fulfilled
1384,2024-02-13,SKU046,WH003,38,6,Fulfilled
1385,2024-02-13,SKU065,WH003,18,10,Fulfilled
1386,2024-02-13,SKU050,WH001,6,4,Fulfilled
1387,2024-02-13,SKU029,WH002,44,3,Fulfilled
1388,2024-02-13,SKU018,WH001,29,11,Fulfilled
1389,2024-02-13,SKU087,WH005,34,1,Fulfilled
1390,2024-02-14,SKU054,WH002,2,2,Fulfilled
1391,2024-02-14,SKU040,WH005,8,13,Fulfilled
1392,2024-02-14,SKU027,WH002,42,8,Fulfilled
1393,2024-02-14,SKU026,WH002,30,4,Fulfilled
1394,2024-02-14,SKU068,WH002,47,1,Fulfilled
1395,2024-02-14,SKU099,WH002,43,7,Fulfilled
1396,2024-02-14,SKU021,WH003,17,11,Fulfilled
1397,2024-02-14,SKU093,WH001,20,8,Fulfilled
1398,2024-02-14,SKU019,WH001,22,13,Fulfilled
1399,2024-02-14,SKU053,WH004,22,12,Fulfilled
1400,2024-02-14,SKU082,WH003,9,5,Fulfilled
1401,2024-02-14,SKU017,WH002,10,13,Fulfilled
1402,2024-02-14,SKU079,WH003,28,12,Fulfilled
1403,2024-02-14,SKU077,WH002,42,11,Delayed
1404,2024-02-14,SKU011,WH004,21,8,Fulfilled
1405,2024-02-14,SKU061,WH003,42,12,Fulfilled
1406,2024-02-14,SKU061,WH002,40,2,Fulfilled
1407,2024-02-14,SKU053,WH001,8,11,Fulfilled
1408,2024-02-15,SKU029,WH002,29,3,Delayed
1409,2024-02-15,SKU057,WH005,44,13,Fulfilled
1410,2024-02-15,SKU059,WH002,45,10,Fulfilled
1411,2024-02-15,SKU078,WH004,36,9,Fulfilled
1412,2024-02-15,SKU096,WH005,27,2,Fulfilled
1413,2024-02-15,SKU091,WH001,1,9,Fulfilled
1414,2024-02-15,SKU006,WH002,29,7,Fulfilled
1415,2024-02-16,SKU095,WH001,30,3,Fulfilled
1416,2024-02-16,SKU081,WH001,35,1,Fulfilled
1417,2024-02-16,SKU039,WH003,39,11,Fulfilled
1418,2024-02-16,SKU079,WH001,26,1,Fulfilled
1419,2024-02-16,SKU060,WH004,18,13,Fulfilled
1420,2024-02-16,SKU024,WH005,29,4,Fulfilled
1421,2024-02-16,SKU018,WH004,27,2,Fulfilled
1422,2024-02-16,SKU023,WH004,4,1,Fulfilled
1423,2024-02-16,SKU026,WH004,1,10,Fulfilled
1424,2024-02-17,SKU084,WH002,1,1,Fulfilled
1425,2024-02-17,SKU015,WH004,22,2,Delayed
1426,2024-02-17,SKU091,WH004,45,9,Fulfilled
1427,2024-02-17,SKU079,WH002,29,4,Fulfilled
1428,2024-02-17,SKU099,WH002,5,11,Fulfilled
1429,2024-02-17,SKU085,WH002,21,3,Fulfilled
1430,2024-02-17,SKU099,WH001,12,10,Fulfilled
1431,2024-02-17,SKU099,WH004,19,13,Fulfilled
1432,2024-02-17,SKU017,WH002,7,18,Fulfilled
1433,2024-02-17,SKU002,WH004,26,8,Fulfilled
1434,2024-02-17,SKU001,WH005,5,5,Fulfilled
1435,2024-02-17,SKU076,WH004,14,4,Fulfilled
1436,2024-02-17,SKU077,WH005,23,18,Fulfilled
1437,2024-02-18,SKU036,WH005,29,8,Fulfilled
1438,2024-02-18,SKU027,WH001,41,3,Delayed
1439,2024-02-18,SKU045,WH001,48,7,Delayed
1440,2024-02-18,SKU074,WH005,46,12,Fulfilled
1441,2024-02-18,SKU007,WH001,46,9,Fulfilled
1442,2024-02-18,SKU087,WH003,27,4,Fulfilled
1443,2024-02-18,SKU077,WH005,15,3,Fulfilled
1444,2024-02-18,SKU059,WH005,37,1,Delayed
1445,2024-02-18,SKU099,WH003,3,8,Fulfilled
1446,2024-02-18,SKU009,WH004,27,8,Delayed
1447,2024-02-19,SKU061,WH002,4,3,Fulfilled
1448,2024-02-19,SKU043,WH005,34,9,Fulfilled
1449,2024-02-19,SKU027,WH005,49,7,Fulfilled
1450,2024-02-19,SKU081,WH005,23,13,Fulfilled
1451,2024-02-19,SKU089,WH005,5,5,Fulfilled
1452,2024-02-19,SKU037,WH004,41,9,Fulfilled
1453,2024-02-19,SKU068,WH005,6,5,Fulfilled
1454,2024-02-19,SKU017,WH005,10,8,Fulfilled
1455,2024-02-19,SKU081,WH004,7,7,Fulfilled
1456,2024-02-19,SKU079,WH002,38,5,Fulfilled
1457,2024-02-19,SKU001,WH001,20,10,Fulfilled
1458,2024-02-19,SKU016,WH002,22,4,Fulfilled
1459,2024-02-19,SKU053,WH001,28,12,Fulfilled
1460,2024-02-20,SKU082,WH002,47,18,Fulfilled
1461,2024-02-20,SKU037,WH003,13,7,Fulfilled
1462,2024-02-20,SKU065,WH005,30,5,Delayed
1463,2024-02-20,SKU088,WH003,25,11,Fulfilled
1464,2024-02-20,SKU079,WH001,14,9,Fulfilled
1465,2024-02-20,SKU044,WH004,48,11,Fulfilled
1466,2024-02-20,SKU083,WH002,47,6,Fulfilled
1467,2024-02-21,SKU069,WH003,22,5,Fulfilled
1468,2024-02-21,SKU096,WH001,21,8,Fulfilled
1469,2024-02-21,SKU093,WH003,49,11,Delayed
1470,2024-02-21,SKU074,WH003,31,10,Fulfilled
1471,2024-02-21,SKU046,WH001,10,11,Fulfilled
1472,2024-02-21,SKU004,WH003,34,9,Fulfilled
1473,2024-02-21,SKU022,WH005,17,11,Fulfilled
1474,2024-02-21,SKU015,WH003,32,10,Fulfilled
1475,2024-02-21,SKU005,WH003,22,9,Fulfilled
1476,2024-02-22,SKU031,WH003,47,9,Fulfilled
1477,2024-02-22,SKU028,WH005,21,5,Fulfilled
1478,2024-02-22,SKU005,WH002,38,1,Fulfilled
1479,2024-02-22,SKU004,WH004,1,9,Fulfilled
1480,2024-02-22,SKU044,WH004,36,1,Fulfilled
1481,2024-02-22,SKU100,WH003,41,8,Fulfilled
1482,2024-02-22,SKU067,WH002,2,8,Delayed
1483,2024-02-22,SKU050,WH005,15,7,Fulfilled
1484,2024-02-22,SKU006,WH005,6,1,Fulfilled
1485,2024-02-23,SKU006,WH001,17,2,Fulfilled
1486,2024-02-23,SKU040,WH001,41,13,Fulfilled
1487,2024-02-23,SKU027,WH003,9,13,Fulfilled
1488,2024-02-23,SKU069,WH003,6,6,Fulfilled
1489,2024-02-23,SKU035,WH002,20,4,Fulfilled
1490,2024-02-23,SKU080,WH005,3,1,Fulfilled
1491,2024-02-24,SKU045,WH005,47,13,Fulfilled
1492,2024-02-24,SKU091,WH003,1,1,Fulfilled
1493,2024-02-24,SKU040,WH005,3,10,Fulfilled
1494,2024-02-24,SKU007,WH002,15,12,Fulfilled
1495,2024-02-24,SKU007,WH001,18,1,Delayed
1496,2024-02-24,SKU051,WH002,19,11,Fulfilled
1497,2024-02-24,SKU081,WH004,35,8,Fulfilled
1498,2024-02-24,SKU026,WH005,14,10,Fulfilled
1499,2024-02-24,SKU098,WH004,33,2,Delayed
1500,2024-02-24,SKU090,WH004,4,8,Fulfilled
1501,2024-02-24,SKU083,WH004,29,3,Fulfilled
1502,2024-02-24,SKU019,WH005,6,9,Fulfilled
1503,2024-02-25,SKU024,WH003,1,5,Fulfilled
1504,2024-02-25,SKU059,WH004,27,18,Fulfilled
1505,2024-02-25,SKU045,WH004,13,3,Fulfilled
1506,2024-02-25,SKU099,WH003,19,12,Fulfilled
1507,2024-02-25,SKU014,WH004,16,11,Fulfilled
1508,2024-02-25,SKU042,WH005,43,10,Fulfilled
1509,2024-02-25,SKU069,WH004,25,4,Fulfilled
1510,2024-02-25,SKU080,WH002,31,4,Fulfilled
1511,2024-02-25,SKU050,WH001,44,7,Fulfilled
1512,2024-02-25,SKU076,WH004,2,8,Fulfilled
1513,2024-02-26,SKU044,WH005,8,7,Fulfilled
1514,2024-02-26,SKU086,WH001,14,8,Fulfilled
1515,2024-02-26,SKU063,WH001,3,2,Fulfilled
1516,2024-02-26,SKU072,WH001,16,7,Fulfilled
1517,2024-02-26,SKU052,WH001,19,3,Fulfilled
1518,2024-02-26,SKU077,WH004,18,4,Fulfilled
1519,2024-02-26,SKU008,WH001,16,8,Fulfilled
1520,2024-02-26,SKU075,WH001,33,1,Fulfilled
1521,2024-02-26,SKU058,WH005,12,5,Fulfilled
1522,2024-02-26,SKU058,WH002,11,5,Fulfilled
1523,2024-02-26,SKU039,WH005,27,12,Fulfilled
1524,2024-02-26,SKU056,WH003,17,6,Fulfilled
1525,2024-02-26,SKU079,WH005,33,5,Fulfilled
1526,2024-02-27,SKU038,WH001,33,2,Fulfilled
1527,2024-02-27,SKU007,WH001,48,9,Fulfilled
1528,2024-02-27,SKU046,WH001,19,6,Fulfilled
1529,2024-02-27,SKU031,WH004,5,11,Fulfilled
1530,2024-02-27,SKU041,WH004,2,7,Fulfilled
1531,2024-02-27,SKU028,WH002,4,1,Fulfilled
1532,2024-02-27,SKU050,WH003,13,4,Fulfilled
1533,2024-02-27,SKU086,WH002,7,7,Delayed
1534,2024-02-27,SKU003,WH002,14,7,Fulfilled
1535,2024-02-27,SKU056,WH002,19,6,Fulfilled
1536,2024-02-27,SKU054,WH004,29,8,Fulfilled
1537,2024-02-27,SKU055,WH005,20,13,Fulfilled
1538,2024-02-28,SKU071,WH004,29,10,Fulfilled
1539,2024-02-28,SKU055,WH005,17,12,Fulfilled
1540,2024-02-28,SKU094,WH002,5,12,Fulfilled
1541,2024-02-28,SKU070,WH005,41,5,Fulfilled
1542,2024-02-28,SKU073,WH004,18,10,Fulfilled
1543,2024-02-28,SKU062,WH001,20,9,Fulfilled
1544,2024-02-28,SKU097,WH003,49,11,Delayed
1545,2024-02-28,SKU079,WH001,49,12,Fulfilled
1546,2024-02-28,SKU085,WH001,7,11,Fulfilled
1547,2024-02-28,SKU075,WH003,3,10,Fulfilled
1548,2024-02-28,SKU069,WH001,34,9,Fulfilled
1549,2024-02-28,SKU061,WH005,35,2,Fulfilled
1550,2024-02-28,SKU038,WH003,24,10,Fulfilled
1551,2024-02-28,SKU077,WH003,38,6,Fulfilled
1552,2024-02-28,SKU008,WH004,26,11,Fulfilled
1553,2024-02-29,SKU085,WH003,47,6,Fulfilled
1554,2024-02-29,SKU037,WH004,20,11,Fulfilled
1555,2024-02-29,SKU036,WH003,41,6,Fulfilled
1556,2024-02-29,SKU033,WH001,20,12,Fulfilled
1557,2024-02-29,SKU076,WH002,19,4,Fulfilled
1558,2024-02-29,SKU023,WH003,35,2,Fulfilled
1559,2024-02-29,SKU024,WH005,30,5,Fulfilled
1560,2024-02-29,SKU011,WH002,34,6,Fulfilled
1561,2024-02-29,SKU064,WH004,3,6,Fulfilled
1562,2024-02-29,SKU057,WH002,15,11,Fulfilled
1563,2024-02-29,SKU045,WH001,10,9,Fulfilled
1564,2024-03-01,SKU015,WH001,41,11,Fulfilled
1565,2024-03-01,SKU039,WH004,36,11,Fulfilled
1566,2024-03-01,SKU069,WH002,2,13,Fulfilled
1567,2024-03-01,SKU061,WH003,4,1,Fulfilled
1568,2024-03-01,SKU002,WH003,19,10,Fulfilled
1569,2024-03-01,SKU087,WH003,25,10,Fulfilled
1570,2024-03-01,SKU006,WH001,15,11,Fulfilled
1571,2024-03-01,SKU056,WH005,22,3,Fulfilled
1572,2024-03-01,SKU043,WH003,48,5,Delayed
1573,2024-03-01,SKU084,WH005,22,4,Fulfilled
1574,2024-03-01,SKU096,WH002,34,9,Fulfilled
1575,2024-03-01,SKU025,WH005,45,12,Fulfilled
1576,2024-03-02,SKU024,WH003,7,1,Fulfilled
1577,2024-03-02,SKU009,WH001,9,4,Fulfilled
1578,2024-03-02,SKU088,WH004,19,1,Fulfilled
1579,2024-03-02,SKU033,WH002,10,17,Fulfilled
1580,2024-03-02,SKU008,WH005,45,10,Fulfilled
1581,2024-03-02,SKU077,WH001,32,6,Fulfilled
1582,2024-03-02,SKU078,WH002,48,6,Fulfilled
1583,2024-03-02,SKU083,WH005,17,10,Fulfilled
1584,2024-03-02,SKU015,WH002,27,6,Fulfilled
1585,2024-03-02,SKU010,WH004,35,4,Fulfilled
1586,2024-03-02,SKU055,WH003,21,9,Fulfilled
1587,2024-03-03,SKU036,WH001,29,11,Fulfilled
1588,2024-03-03,SKU008,WH003,9,11,Fulfilled
1589,2024-03-03,SKU057,WH001,26,3,Fulfilled
1590,2024-03-03,SKU079,WH004,28,1,Fulfilled
1591,2024-03-03,SKU019,WH005,43,9,Fulfilled
1592,2024-03-03,SKU083,WH001,41,10,Fulfilled
1593,2024-03-03,SKU014,WH001,20,13,Fulfilled
1594,2024-03-03,SKU033,WH004,40,12,Fulfilled
1595,2024-03-03,SKU084,WH001,23,4,Fulfilled
1596,2024-03-04,SKU035,WH002,48,2,Fulfilled
1597,2024-03-04,SKU074,WH001,40,11,Fulfilled
1598,2024-03-04,SKU063,WH004,3,10,Fulfilled
1599,2024-03-04,SKU100,WH001,33,11,Delayed
1600,2024-03-04,SKU089,WH004,16,2,Fulfilled
1601,2024-03-04,SKU046,WH003,30,7,Fulfilled
1602,2024-03-04,SKU081,WH001,10,2,Fulfilled
1603,2024-03-05,SKU044,WH001,46,3,Fulfilled
1604,2024-03-05,SKU038,WH002,10,6,Delayed
1605,2024-03-05,SKU050,WH002,1,7,Fulfilled
1606,2024-03-05,SKU014,WH003,27,8,Fulfilled
1607,2024-03-05,SKU057,WH002,46,10,Fulfilled
1608,2024-03-05,SKU093,WH005,17,9,Fulfilled
1609,2024-03-05,SKU070,WH003,6,11,Fulfilled
1610,2024-03-05,SKU058,WH001,25,12,Delayed
1611,2024-03-05,SKU093,WH001,28,1,Fulfilled
1612,2024-03-05,SKU084,WH005,37,9,Fulfilled
1613,2024-03-05,SKU069,WH002,18,8,Fulfilled
1614,2024-03-05,SKU010,WH001,21,2,Fulfilled
1615,2024-03-05,SKU003,WH004,43,11,Fulfilled
1616,2024-03-05,SKU032,WH002,38,22,Fulfilled
1617,2024-03-05,SKU040,WH001,36,2,Fulfilled
1618,2024-03-05,SKU076,WH001,43,5,Fulfilled
1619,2024-03-06,SKU064,WH005,22,11,Fulfilled
1620,2024-03-06,SKU026,WH004,13,4,Fulfilled
1621,2024-03-06,SKU095,WH004,22,7,Fulfilled
1622,2024-03-06,SKU074,WH005,43,6,Fulfilled
1623,2024-03-06,SKU028,WH001,24,4,Fulfilled
1624,2024-03-06,SKU016,WH003,28,1,Fulfilled
1625,2024-03-06,SKU090,WH003,3,6,Fulfilled
1626,2024-03-06,SKU075,WH001,1,6,Fulfilled
1627,2024-03-06,SKU081,WH005,38,5,Fulfilled
1628,2024-03-06,SKU063,WH001,48,22,Fulfilled
1629,2024-03-06,SKU012,WH005,49,10,Fulfilled
1630,2024-03-06,SKU099,WH004,28,5,Fulfilled
1631,2024-03-06,SKU082,WH003,7,3,Fulfilled
1632,2024-03-07,SKU023,WH005,35,4,Fulfilled
1633,2024-03-07,SKU092,WH004,5,1,Delayed
1634,2024-03-07,SKU039,WH003,4,12,Fulfilled
1635,2024-03-07,SKU025,WH001,27,8,Fulfilled
1636,2024-03-07,SKU080,WH003,42,7,Fulfilled
1637,2024-03-07,SKU065,WH002,25,5,Fulfilled
1638,2024-03-07,SKU027,WH003,24,9,Fulfilled
1639,2024-03-07,SKU020,WH004,45,7,Fulfilled
1640,2024-03-07,SKU006,WH001,46,7,Fulfilled
1641,2024-03-07,SKU056,WH003,32,5,Fulfilled
1642,2024-03-07,SKU098,WH004,36,15,Fulfilled
1643,2024-03-07,SKU069,WH002,42,10,Delayed
1644,2024-03-07,SKU066,WH001,39,1,Fulfilled
1645,2024-03-08,SKU057,WH005,5,10,Fulfilled
1646,2024-03-08,SKU096,WH003,23,1,Fulfilled
1647,2024-03-08,SKU030,WH001,12,7,Fulfilled
1648,2024-03-08,SKU026,WH004,16,3,Delayed
1649,2024-03-08,SKU075,WH004,30,9,Fulfilled
1650,2024-03-08,SKU028,WH005,22,9,Fulfilled
1651,2024-03-08,SKU018,WH004,29,5,Fulfilled
1652,2024-03-08,SKU035,WH002,23,13,Delayed
1653,2024-03-09,SKU073,WH001,48,7,Fulfilled
1654,2024-03-09,SKU060,WH004,45,1,Fulfilled
1655,2024-03-09,SKU029,WH003,40,5,Fulfilled
1656,2024-03-09,SKU082,WH005,2,5,Fulfilled
1657,2024-03-09,SKU071,WH002,6,12,Fulfilled
1658,2024-03-09,SKU063,WH002,18,6,Fulfilled
1659,2024-03-09,SKU036,WH001,33,1,Fulfilled
1660,2024-03-09,SKU032,WH002,43,10,Fulfilled
1661,2024-03-09,SKU076,WH002,14,10,Fulfilled
1662,2024-03-09,SKU054,WH001,10,19,Fulfilled
1663,2024-03-09,SKU099,WH005,36,15,Fulfilled
1664,2024-03-09,SKU062,WH001,42,12,Fulfilled
1665,2024-03-10,SKU072,WH001,47,6,Fulfilled
1666,2024-03-10,SKU028,WH002,19,6,Fulfilled
1667,2024-03-10,SKU012,WH001,15,12,Fulfilled
1668,2024-03-10,SKU091,WH004,24,8,Fulfilled
1669,2024-03-10,SKU004,WH004,43,13,Fulfilled
1670,2024-03-10,SKU091,WH004,9,1,Fulfilled
1671,2024-03-10,SKU081,WH004,33,3,Delayed
1672,2024-03-10,SKU081,WH001,3,10,Fulfilled
1673,2024-03-11,SKU068,WH001,29,2,Fulfilled
1674,2024-03-11,SKU090,WH005,34,3,Fulfilled
1675,2024-03-11,SKU088,WH001,13,6,Fulfilled
1676,2024-03-11,SKU008,WH005,1,2,Fulfilled
1677,2024-03-11,SKU007,WH001,29,13,Fulfilled
1678,2024-03-11,SKU006,WH003,48,1,Fulfilled
1679,2024-03-11,SKU091,WH001,29,7,Fulfilled
1680,2024-03-11,SKU018,WH003,24,10,Fulfilled
1681,2024-03-11,SKU062,WH005,17,7,Fulfilled
1682,2024-03-12,SKU097,WH002,29,5,Fulfilled
1683,2024-03-12,SKU065,WH004,43,10,Delayed
1684,2024-03-12,SKU045,WH004,16,9,Fulfilled
1685,2024-03-12,SKU016,WH004,28,9,Fulfilled
1686,2024-03-12,SKU069,WH003,1,13,Fulfilled
1687,2024-03-12,SKU087,WH001,22,9,Fulfilled
1688,2024-03-12,SKU012,WH001,44,3,Fulfilled
1689,2024-03-12,SKU010,WH001,41,7,Fulfilled
1690,2024-03-12,SKU019,WH004,14,13,Fulfilled
1691,2024-03-12,SKU081,WH001,19,3,Fulfilled
1692,2024-03-12,SKU070,WH002,2,9,Fulfilled
1693,2024-03-12,SKU095,WH001,45,3,Delayed
1694,2024-03-13,SKU030,WH005,48,2,Fulfilled
1695,2024-03-13,SKU044,WH003,32,8,Fulfilled
1696,2024-03-13,SKU068,WH005,22,6,Fulfilled
1697,2024-03-13,SKU017,WH003,12,9,Fulfilled
1698,2024-03-13,SKU062,WH003,40,4,Fulfilled
1699,2024-03-13,SKU007,WH002,15,12,Fulfilled
1700,2024-03-13,SKU022,WH005,49,13,Fulfilled
1701,2024-03-13,SKU037,WH002,18,2,Fulfilled
1702,2024-03-13,SKU089,WH002,13,13,Fulfilled
1703,2024-03-13,SKU041,WH005,15,4,Fulfilled
1704,2024-03-13,SKU024,WH002,29,11,Delayed
1705,2024-03-14,SKU041,WH003,4,11,Fulfilled
1706,2024-03-14,SKU021,WH005,11,10,Fulfilled
1707,2024-03-14,SKU052,WH004,31,11,Fulfilled
1708,2024-03-14,SKU041,WH002,32,17,Fulfilled
1709,2024-03-14,SKU065,WH003,49,9,Fulfilled
1710,2024-03-14,SKU038,WH005,28,12,Fulfilled
1711,2024-03-14,SKU094,WH004,34,13,Fulfilled
1712,2024-03-14,SKU062,WH001,15,9,Fulfilled
1713,2024-03-14,SKU040,WH001,36,8,Fulfilled
1714,2024-03-14,SKU058,WH003,9,10,Delayed
1715,2024-03-14,SKU083,WH002,37,13,Fulfilled
1716,2024-03-15,SKU099,WH003,17,3,Delayed
1717,2024-03-15,SKU058,WH001,37,3,Fulfilled
1718,2024-03-15,SKU063,WH003,44,13,Fulfilled
1719,2024-03-15,SKU008,WH003,7,12,Fulfilled
1720,2024-03-15,SKU055,WH003,9,12,Delayed
1721,2024-03-15,SKU045,WH003,6,13,Fulfilled
1722,2024-03-15,SKU072,WH001,17,7,Fulfilled
1723,2024-03-15,SKU095,WH004,31,3,Fulfilled
1724,2024-03-16,SKU094,WH004,42,5,Fulfilled
1725,2024-03-16,SKU076,WH005,22,10,Fulfilled
1726,2024-03-16,SKU061,WH005,12,10,Delayed
1727,2024-03-16,SKU076,WH004,13,11,Fulfilled
1728,2024-03-16,SKU035,WH004,16,8,Fulfilled
1729,2024-03-16,SKU073,WH002,40,11,Fulfilled
1730,2024-03-16,SKU038,WH005,40,13,Fulfilled
1731,2024-03-16,SKU039,WH005,2,12,Fulfilled
1732,2024-03-16,SKU060,WH002,10,17,Delayed
1733,2024-03-17,SKU034,WH003,26,7,Fulfilled
1734,2024-03-17,SKU061,WH001,18,1,Fulfilled
1735,2024-03-17,SKU054,WH002,38,9,Fulfilled
1736,2024-03-17,SKU032,WH001,47,3,Fulfilled
1737,2024-03-17,SKU009,WH005,38,3,Fulfilled
1738,2024-03-17,SKU073,WH004,30,13,Fulfilled
1739,2024-03-17,SKU061,WH001,1,13,Fulfilled
1740,2024-03-17,SKU003,WH003,32,12,Delayed
1741,2024-03-17,SKU041,WH004,21,10,Fulfilled
1742,2024-03-17,SKU021,WH001,46,13,Fulfilled
1743,2024-03-17,SKU046,WH001,27,4,Fulfilled
1744,2024-03-18,SKU010,WH005,15,4,Fulfilled
1745,2024-03-18,SKU098,WH001,32,7,Fulfilled
1746,2024-03-18,SKU042,WH003,6,8,Fulfilled
1747,2024-03-18,SKU039,WH003,20,10,Fulfilled
1748,2024-03-18,SKU013,WH005,37,4,Fulfilled
1749,2024-03-18,SKU002,WH002,12,1,Fulfilled
1750,2024-03-18,SKU063,WH004,28,8,Fulfilled
1751,2024-03-18,SKU014,WH002,1,5,Fulfilled
1752,2024-03-18,SKU025,WH005,22,6,Fulfilled
1753,2024-03-18,SKU068,WH005,21,3,Fulfilled
1754,2024-03-18,SKU015,WH004,15,5,Delayed
1755,2024-03-18,SKU017,WH001,46,2,Fulfilled
1756,2024-03-18,SKU047,WH002,48,6,Fulfilled
1757,2024-03-19,SKU077,WH005,40,13,Fulfilled
1758,2024-03-19,SKU091,WH003,7,18,Fulfilled
1759,2024-03-19,SKU029,WH002,18,2,Fulfilled
1760,2024-03-19,SKU030,WH003,8,11,Fulfilled
1761,2024-03-19,SKU011,WH004,33,6,Fulfilled
1762,2024-03-19,SKU010,WH001,38,11,Fulfilled
1763,2024-03-19,SKU006,WH002,20,12,Fulfilled
1764,2024-03-19,SKU066,WH005,43,13,Fulfilled
1765,2024-03-19,SKU033,WH001,31,11,Fulfilled
1766,2024-03-20,SKU097,WH001,21,3,Fulfilled
1767,2024-03-20,SKU027,WH005,11,12,Fulfilled
1768,2024-03-20,SKU045,WH001,48,5,Fulfilled
1769,2024-03-20,SKU036,WH005,35,6,Fulfilled
1770,2024-03-20,SKU065,WH005,38,8,Fulfilled
1771,2024-03-20,SKU013,WH005,49,4,Fulfilled
1772,2024-03-21,SKU092,WH002,16,5,Fulfilled
1773,2024-03-21,SKU097,WH005,21,27,Fulfilled
1774,2024-03-21,SKU028,WH005,19,9,Fulfilled
1775,2024-03-21,SKU090,WH005,4,13,Fulfilled
1776,2024-03-21,SKU014,WH002,29,3,Fulfilled
1777,2024-03-21,SKU055,WH002,43,2,Fulfilled
1778,2024-03-21,SKU098,WH003,10,13,Fulfilled
1779,2024-03-21,SKU018,WH004,43,9,Fulfilled
1780,2024-03-21,SKU072,WH001,20,3,Fulfilled
1781,2024-03-21,SKU050,WH003,23,8,Fulfilled
1782,2024-03-21,SKU088,WH004,11,2,Fulfilled
1783,2024-03-22,SKU055,WH002,5,3,Fulfilled
1784,2024-03-22,SKU061,WH003,21,12,Fulfilled
1785,2024-03-22,SKU063,WH001,4,6,Fulfilled
1786,2024-03-22,SKU087,WH001,49,10,Fulfilled
1787,2024-03-22,SKU089,WH005,20,6,Fulfilled
1788,2024-03-22,SKU022,WH001,25,11,Fulfilled
1789,2024-03-22,SKU026,WH005,32,11,Fulfilled
1790,2024-03-22,SKU030,WH004,18,11,Fulfilled
1791,2024-03-23,SKU092,WH005,23,11,Fulfilled
1792,2024-03-23,SKU083,WH004,21,12,Fulfilled
1793,2024-03-23,SKU052,WH004,5,7,Fulfilled
1794,2024-03-23,SKU059,WH001,41,11,Fulfilled
1795,2024-03-23,SKU030,WH002,25,19,Fulfilled
1796,2024-03-23,SKU009,WH004,10,6,Fulfilled
1797,2024-03-23,SKU049,WH005,19,1,Fulfilled
1798,2024-03-23,SKU080,WH005,7,4,Delayed
1799,2024-03-23,SKU097,WH005,1,8,Fulfilled
1800,2024-03-23,SKU026,WH003,12,6,Fulfilled
1801,2024-03-23,SKU034,WH005,22,2,Fulfilled
1802,2024-03-23,SKU070,WH001,47,1,Delayed
1803,2024-03-24,SKU056,WH001,20,2,Fulfilled
1804,2024-03-24,SKU049,WH004,48,1,Delayed
1805,2024-03-24,SKU072,WH003,43,12,Fulfilled
1806,2024-03-24,SKU056,WH002,40,6,Fulfilled
1807,2024-03-24,SKU098,WH001,20,6,Fulfilled
1808,2024-03-24,SKU071,WH005,3,12,Fulfilled
1809,2024-03-24,SKU021,WH005,26,13,Fulfilled
1810,2024-03-24,SKU076,WH004,13,2,Fulfilled
1811,2024-03-24,SKU037,WH003,37,1,Fulfilled
1812,2024-03-24,SKU017,WH003,38,2,Fulfilled
1813,2024-03-24,SKU004,WH003,36,6,Fulfilled
1814,2024-03-24,SKU046,WH004,26,11,Fulfilled
1815,2024-03-24,SKU032,WH002,8,12,Fulfilled
1816,2024-03-24,SKU089,WH001,40,11,Fulfilled
1817,2024-03-25,SKU022,WH001,40,10,Delayed
1818,2024-03-25,SKU085,WH004,30,1,Fulfilled
1819,2024-03-25,SKU035,WH001,20,4,Fulfilled
1820,2024-03-26,SKU041,WH004,43,7,Fulfilled
1821,2024-03-26,SKU013,WH004,16,13,Fulfilled
1822,2024-03-26,SKU044,WH004,47,8,Fulfilled
1823,2024-03-26,SKU044,WH002,48,11,Fulfilled
1824,2024-03-26,SKU056,WH002,23,8,Fulfilled
1825,2024-03-26,SKU010,WH005,9,3,Fulfilled
1826,2024-03-26,SKU039,WH005,20,5,Fulfilled
1827,2024-03-27,SKU096,WH001,8,5,Fulfilled
1828,2024-03-27,SKU076,WH003,30,4,Fulfilled
1829,2024-03-27,SKU068,WH004,39,5,Fulfilled
1830,2024-03-27,SKU010,WH003,12,1,Fulfilled
1831,2024-03-27,SKU085,WH005,17,10,Fulfilled
1832,2024-03-27,SKU033,WH005,30,13,Fulfilled
1833,2024-03-27,SKU071,WH002,19,11,Fulfilled
1834,2024-03-27,SKU067,WH002,34,2,Fulfilled
1835,2024-03-27,SKU096,WH004,7,12,Fulfilled
1836,2024-03-27,SKU079,WH004,34,11,Fulfilled
1837,2024-03-27,SKU008,WH005,20,2,Fulfilled
1838,2024-03-27,SKU031,WH002,38,8,Fulfilled
1839,2024-03-27,SKU056,WH004,10,4,Fulfilled
1840,2024-03-27,SKU009,WH002,15,5,Fulfilled
1841,2024-03-27,SKU037,WH002,20,3,Fulfilled
1842,2024-03-28,SKU052,WH002,23,8,Fulfilled
1843,2024-03-28,SKU032,WH003,11,8,Fulfilled
1844,2024-03-28,SKU056,WH004,29,8,Delayed
1845,2024-03-28,SKU021,WH003,10,7,Fulfilled
1846,2024-03-28,SKU036,WH005,28,1,Fulfilled
1847,2024-03-29,SKU093,WH004,36,5,Delayed
1848,2024-03-29,SKU011,WH003,26,6,Fulfilled
1849,2024-03-29,SKU053,WH003,4,2,Fulfilled
1850,2024-03-29,SKU051,WH002,38,8,Fulfilled
1851,2024-03-29,SKU065,WH001,23,6,Fulfilled
1852,2024-03-29,SKU100,WH005,2,7,Fulfilled
1853,2024-03-29,SKU031,WH005,11,12,Fulfilled
1854,2024-03-29,SKU043,WH005,46,5,Fulfilled
1855,2024-03-30,SKU096,WH002,46,8,Fulfilled
1856,2024-03-30,SKU014,WH002,35,12,Fulfilled
1857,2024-03-30,SKU053,WH003,48,12,Delayed
1858,2024-03-30,SKU069,WH003,23,1,Fulfilled
1859,2024-03-30,SKU070,WH004,1,7,Fulfilled
1860,2024-03-30,SKU036,WH002,31,10,Fulfilled
1861,2024-03-30,SKU040,WH001,42,5,Fulfilled
1862,2024-03-30,SKU005,WH001,34,9,Fulfilled
1863,2024-03-30,SKU031,WH003,22,13,Fulfilled
1864,2024-03-30,SKU090,WH003,25,2,Fulfilled
1865,2024-03-31,SKU069,WH002,39,13,Fulfilled
1866,2024-03-31,SKU051,WH003,17,9,Fulfilled
1867,2024-03-31,SKU097,WH002,40,4,Fulfilled
1868,2024-03-31,SKU021,WH004,26,11,Fulfilled
1869,2024-03-31,SKU099,WH004,21,2,Fulfilled
1870,2024-03-31,SKU011,WH004,13,9,Fulfilled
1871,2024-03-31,SKU043,WH004,12,12,Fulfilled
1872,2024-03-31,SKU021,WH003,38,3,Fulfilled
1873,2024-03-31,SKU078,WH005,7,9,Fulfilled
1874,2024-03-31,SKU004,WH001,35,2,Fulfilled
1875,2024-03-31,SKU057,WH002,16,18,Fulfilled
1876,2024-03-31,SKU040,WH003,4,11,Fulfilled
1877,2024-03-31,SKU032,WH005,25,8,Fulfilled
1878,2024-03-31,SKU084,WH002,13,13,Fulfilled
1879,2024-04-01,SKU041,WH004,19,13,Fulfilled
1880,2024-04-01,SKU034,WH002,26,6,Fulfilled
1881,2024-04-01,SKU037,WH002,4,12,Fulfilled
1882,2024-04-01,SKU051,WH004,39,8,Fulfilled
1883,2024-04-01,SKU029,WH001,25,13,Fulfilled
1884,2024-04-01,SKU083,WH005,32,11,Fulfilled
1885,2024-04-01,SKU060,WH002,38,6,Fulfilled
1886,2024-04-01,SKU007,WH004,28,5,Fulfilled
1887,2024-04-01,SKU020,WH001,30,3,Fulfilled
1888,2024-04-01,SKU073,WH001,28,13,Fulfilled
1889,2024-04-01,SKU099,WH004,34,6,Fulfilled
1890,2024-04-01,SKU029,WH002,32,13,Fulfilled
1891,2024-04-01,SKU035,WH003,38,8,Fulfilled
1892,2024-04-01,SKU056,WH002,8,9,Fulfilled
1893,2024-04-01,SKU037,WH002,6,3,Fulfilled
1894,2024-04-01,SKU019,WH001,10,3,Fulfilled
1895,2024-04-01,SKU080,WH004,12,1,Fulfilled
